"","ID","gender","matchPercent","pRateAttr","pRateSincere","pRateIntell","pRateFun","pRateAmb","pRateShared","pApproval","pLikePercent","importanceRace","importanceReligion","wantsAttr","wantsSincere","wantsIntell","wantsFun","wantsAmb","wantsShared","otherGenderWantsAttr","otherGenderWantsIntell","otherGenderWantsFun","otherGenderWantsAmb","otherGenderWantsShared","selfRateAttr","selfRateSincere","selfRateIntell","selfRateFun","selfRateAmb","sameGenderWantsAttr","sameGenderWantsSincere","sameGenderWantsIntell","sameGenderWantsFun","sameGenderWantsAmb","sameGenderWantsShared"
"1",1,0,0.4,6.7,7.4,8,7.2,8,7.1,0.5,6.85,2,4,15,20,20,15,15,15,35,15,20,5,5,6,8,8,8,7,NA,NA,NA,NA,NA,NA
"2",2,0,0.2,7.7,7.1,7.9,7.5,7.5,6.5,0.6,7.6,2,5,45,5,25,20,0,5,65,10,25,0,0,7,5,8,10,3,NA,NA,NA,NA,NA,NA
"3",3,0,0,6.55555555555556,6.77777777777778,7.22222222222222,6.22222222222222,7.11111111111111,6,0.444444444444444,6,8,4,35,10,35,10,10,0,50,20,30,0,0,8,9,9,8,8,NA,NA,NA,NA,NA,NA
"4",4,0,0.2,7,7.1,7.7,7.5,7.7,7.2,0.6,7.3,1,1,20,20,20,20,10,10,30,15,30,5,10,7,8,7,9,8,NA,NA,NA,NA,NA,NA
"5",5,0,0.2,5.3,7.7,7.6,7.2,7.8,6.2,0.3,6.1,8,1,20,5,25,25,10,15,50,10,20,5,5,6,3,10,6,8,NA,NA,NA,NA,NA,NA
"6",6,0,0.2,6.8,7.8,8.6,7,8,6.3,0.5,6.8,1,1,10,25,20,25,5,15,25,10,25,10,20,5,7,9,8,5,NA,NA,NA,NA,NA,NA
"7",7,0,0.2,7.9,7.6,8.2,7,7.5,6.7,0.7,7.6,2,4,15,15,25,20,15,10,30,13,25,10,10,6,6,7,5,7,NA,NA,NA,NA,NA,NA
"8",8,0,0.777777777777778,8.11111111111111,7.66666666666667,8.11111111111111,7.77777777777778,7.44444444444444,6.77777777777778,0.777777777777778,7.55555555555556,1,1,9.09,18.18,27.27,18.18,18.18,9.09,30,20,30,5,5,7,4,8,8,8,NA,NA,NA,NA,NA,NA
"9",9,0,0.7,7,7.4,7.5,7.8,6.9,6.3,0.7,7.1,1,1,20,10,20,30,10,10,30,10,20,10,10,7,6,7,10,7,NA,NA,NA,NA,NA,NA
"10",10,0,0.25,6.375,6.625,6,6.25,5.875,5.625,0.375,6,4,4,15,15,15,40,10,5,45,15,20,5,5,6,8,6,10,9,NA,NA,NA,NA,NA,NA
"11",11,1,0,5.55555555555556,8.66666666666667,8,5.33333333333333,6.44444444444444,5.22222222222222,0.444444444444444,6.22222222222222,7,3,35,20,20,20,0,5,25,20,20,25,5,8,9,8,7,5,NA,NA,NA,NA,NA,NA
"12",12,1,0.222222222222222,7.77777777777778,7.22222222222222,7.77777777777778,7.33333333333333,7.55555555555556,6.11111111111111,0.444444444444444,7.55555555555556,1,1,60,0,0,40,0,0,25,25,20,15,0,9,9,10,9,9,NA,NA,NA,NA,NA,NA
"13",13,1,0.333333333333333,4.66666666666667,7.66666666666667,8.66666666666667,6.66666666666667,5.88888888888889,5.88888888888889,0.333333333333333,6.33333333333333,3,5,19,18,19,18,14,12,20,16,18,16,14,4,7,8,8,3,NA,NA,NA,NA,NA,NA
"14",14,1,0.888888888888889,8,7.33333333333333,7.11111111111111,7.33333333333333,6.22222222222222,7.44444444444444,0.888888888888889,7.44444444444444,1,1,30,5,15,40,5,5,20,20,20,5,20,9,9,9,9,9,NA,NA,NA,NA,NA,NA
"15",15,1,0.333333333333333,5.77777777777778,7.66666666666667,7.77777777777778,7.22222222222222,6.44444444444444,6.66666666666667,0.333333333333333,6.33333333333333,3,1,30,10,20,10,10,20,20,20,20,10,10,7,7,9,7,9,NA,NA,NA,NA,NA,NA
"16",16,1,0.222222222222222,5.66666666666667,8.22222222222222,7.77777777777778,4.44444444444444,6,4.66666666666667,0.333333333333333,5.55555555555556,9,2,50,0,30,10,0,10,50,30,5,5,5,6,6,8,8,6,NA,NA,NA,NA,NA,NA
"17",17,1,0.111111111111111,6.88888888888889,7.33333333333333,8.55555555555556,6.11111111111111,6.44444444444444,6.66666666666667,0.777777777777778,6.88888888888889,1,1,35,15,25,10,5,10,25,20,20,10,5,7,7,8,6,4,NA,NA,NA,NA,NA,NA
"18",18,1,0.111111111111111,5.11111111111111,7.55555555555556,7.88888888888889,5.33333333333333,7.77777777777778,5.55555555555556,0.333333333333333,5.88888888888889,8,8,33.33,11.11,11.11,11.11,11.11,22.22,10,20,25,25,10,6,8,8,6,9,NA,NA,NA,NA,NA,NA
"19",19,1,0.9,7.7,6.8,7.7,8.5,7.1,7.7,0.9,7.6,1,1,50,0,25,10,0,15,40,20,10,10,5,10,6,10,10,10,NA,NA,NA,NA,NA,NA
"20",20,1,0.1,7.5,7.3,7.9,8.2,8.4,7.3,0.9,8.3,1,1,100,0,0,0,0,0,50,10,10,10,10,7,7,10,10,10,NA,NA,NA,NA,NA,NA
"21",21,0,0,5.07142857142857,7.42857142857143,7.92857142857143,5.71428571428571,6.78571428571429,5,0.214285714285714,5.85714285714286,8,10,12,18,20,16,16,18,35,10,15,5,20,5,9,9,7,10,NA,NA,NA,NA,NA,NA
"22",22,0,0.181818181818182,4.54545454545455,6.72727272727273,6.63636363636364,5.45454545454545,6.09090909090909,4.18181818181818,0.181818181818182,4.81818181818182,1,2,20,20,20,10,10,20,50,10,10,10,10,7,8,8,7,7,NA,NA,NA,NA,NA,NA
"23",23,0,0.230769230769231,5.84615384615385,7,6.69230769230769,6,6.07692307692308,4.92307692307692,0.461538461538462,5.61538461538461,9,6,10,20,40,10,10,10,40,20,20,5,10,5,8,7,6,8,NA,NA,NA,NA,NA,NA
"24",24,0,0,6.61538461538461,7,7.46153846153846,6.69230769230769,6.84615384615385,5.46153846153846,0.538461538461538,5.84615384615385,2,3,10,20,20,15,20,15,35,15,20,10,10,7,9,8,9,8,NA,NA,NA,NA,NA,NA
"25",25,0,0,7.83333333333333,7.25,7.08333333333333,7.5,6.16666666666667,4.83333333333333,0.833333333333333,6.70833333333333,10,2,20,20,15,15,15,15,30,10,20,10,15,7,9,8,7,6,NA,NA,NA,NA,NA,NA
"26",26,0,0,7.75,7.16666666666667,7.41666666666667,7.41666666666667,6.5,6,0.916666666666667,7.125,2,4,20,20,20,15,15,10,25,10,25,20,10,7,8,8,8,8,NA,NA,NA,NA,NA,NA
"27",27,0,0.0833333333333333,8.25,7.16666666666667,6.83333333333333,7.58333333333333,6.33333333333333,5.66666666666667,0.916666666666667,7.375,1,5,17,10,18,20,25,10,30,15,20,10,20,6,6,7,7,7,NA,NA,NA,NA,NA,NA
"28",28,0,0.0714285714285714,6.57142857142857,7.21428571428571,7.07142857142857,6.21428571428571,6.5,5.64285714285714,0.428571428571429,6.42857142857143,NA,NA,NA,NA,NA,NA,NA,NA,NA,NA,NA,NA,NA,NA,NA,NA,NA,NA,NA,NA,NA,NA,NA,NA
"29",29,0,0.153846153846154,5.76923076923077,7.07692307692308,6.38461538461539,6.07692307692308,6.30769230769231,4.69230769230769,0.230769230769231,5.84615384615385,4,5,20,22,18,15,15,10,35,10,20,15,5,6,9,7,8,8,NA,NA,NA,NA,NA,NA
"30",30,0,0.0909090909090909,5.90909090909091,6.63636363636364,7.36363636363636,6.09090909090909,7.18181818181818,5.09090909090909,0.272727272727273,5.63636363636364,2,4,10,20,20,20,20,10,35,15,20,10,15,7,8,8,9,8,NA,NA,NA,NA,NA,NA
"31",31,0,0.0909090909090909,7.81818181818182,7.18181818181818,7.27272727272727,6.36363636363636,7.27272727272727,5.81818181818182,0.909090909090909,7,4,8,35,10,20,20,10,5,40,10,25,5,10,8,8,8,9,9,NA,NA,NA,NA,NA,NA
"32",32,0,0,6.71428571428571,7.64285714285714,8.07142857142857,7,7.28571428571429,5.42857142857143,0.571428571428571,6.64285714285714,1,1,50,0,50,0,0,0,95,0,5,0,0,7,5,9,9,7,NA,NA,NA,NA,NA,NA
"33",33,0,0,5.78571428571429,7.64285714285714,7.92857142857143,6.71428571428571,7.07142857142857,5.71428571428571,0.214285714285714,6.28571428571429,4,8,30,20,30,10,0,10,95,1,1,1,1,6,8,8,6,8,NA,NA,NA,NA,NA,NA
"34",34,0,0.142857142857143,7,7.14285714285714,7.14285714285714,6.64285714285714,6.92857142857143,5.21428571428571,0.642857142857143,6.71428571428571,2,2,30,5,30,15,15,5,20,25,20,5,10,7,7,7,7,8,NA,NA,NA,NA,NA,NA
"35",35,0,0.307692307692308,7.07692307692308,6.61538461538461,7.69230769230769,5.61538461538461,7.30769230769231,5.15384615384615,0.692307692307692,6,9,7,20,23,23,22,7,5,40,15,15,10,10,8,9,9,9,7,NA,NA,NA,NA,NA,NA
"36",36,0,0.153846153846154,6.46153846153846,7.15384615384615,7.30769230769231,6.23076923076923,7.38461538461539,5.23076923076923,0.615384615384615,6.15384615384615,7,8,20,25,20,15,15,5,40,10,30,5,10,8,7,8,8,6,NA,NA,NA,NA,NA,NA
"37",37,0,0.181818181818182,4.90909090909091,7.09090909090909,7.27272727272727,5.72727272727273,6.72727272727273,5.18181818181818,0.272727272727273,5.72727272727273,5,8,10,10,30,25,10,15,30,15,20,10,15,7,8,9,7,5,NA,NA,NA,NA,NA,NA
"38",38,0,0.166666666666667,6.66666666666667,7.58333333333333,7.91666666666667,7.75,7.75,6,0.5,6.58333333333333,8,1,50,10,20,10,10,0,70,5,15,0,5,8,2,8,7,8,NA,NA,NA,NA,NA,NA
"39",39,0,0.0714285714285714,4.28571428571429,7.5,7,7.07142857142857,6.28571428571429,5.35714285714286,0.142857142857143,5.92857142857143,6,4,20,20,20,15,15,10,55,10,15,5,10,6,9,8,6,7,NA,NA,NA,NA,NA,NA
"40",40,1,0,4.21428571428571,6.64285714285714,6.71428571428571,5.92857142857143,6.14285714285714,4.71428571428571,0.285714285714286,5.42857142857143,9,6,25,20,25,20,10,0,40,30,20,10,0,3,10,9,8,5,NA,NA,NA,NA,NA,NA
"41",41,1,0,3.46153846153846,6.07692307692308,6.53846153846154,4.07692307692308,6.92307692307692,3.38461538461538,0,NA,1,1,30,20,10,30,0,10,40,0,30,0,0,5,7,8,5,5,NA,NA,NA,NA,NA,NA
"42",42,1,0,4.8,5.86666666666667,6.8,5.53333333333333,6.66666666666667,4.8,0.2,5.23333333333333,1,6,20,25,20,15,10,10,25,10,30,5,20,6,9,8,6,4,NA,NA,NA,NA,NA,NA
"43",43,1,0.0625,4.0625,6.375,7.0625,4.5625,6.4375,3.9375,0.1875,4.6875,1,1,25,35,30,10,0,0,20,20,20,5,10,3,8,7,3,2,NA,NA,NA,NA,NA,NA
"44",44,1,0.222222222222222,4.88888888888889,6.55555555555556,6.72222222222222,4.61111111111111,5.77777777777778,4.05555555555556,0.222222222222222,4.88888888888889,3,3,25,15,25,25,15,15,50,15,20,5,5,7,9,9,8,9,NA,NA,NA,NA,NA,NA
"45",45,1,0.222222222222222,5.11111111111111,6.16666666666667,6.83333333333333,3.77777777777778,6.44444444444444,4.05555555555556,0.222222222222222,4.88888888888889,6,6,25,15,25,15,0,20,20,20,10,10,20,7,8,8,6,7,NA,NA,NA,NA,NA,NA
"46",46,1,0.214285714285714,7.35714285714286,6.57142857142857,7.14285714285714,6.64285714285714,6.07142857142857,5.35714285714286,0.428571428571429,6.60714285714286,2,3,20,35,20,10,10,5,20,20,25,5,10,7,8,7,5,7,NA,NA,NA,NA,NA,NA
"47",47,1,0.0555555555555556,4,5.83333333333333,6.5,5.55555555555556,5.94444444444444,4.61111111111111,0.0555555555555556,5.22222222222222,2,2,20,20,25,25,5,5,25,20,15,15,5,8,7,9,9,3,NA,NA,NA,NA,NA,NA
"48",48,1,0.0555555555555556,6.72222222222222,6.22222222222222,5.83333333333333,6.72222222222222,5.55555555555556,5.11111111111111,0.444444444444444,6.11111111111111,9,2,30,15,25,25,5,0,30,25,25,5,0,7,9,7,6,6,NA,NA,NA,NA,NA,NA
"49",49,1,0.375,6.5625,7.1875,7.75,7.03125,7,5.9375,0.5,6.75,1,3,20,20,20,20,5,15,30,15,15,15,10,7,10,10,10,8,NA,NA,NA,NA,NA,NA
"50",50,1,0.25,6.375,6.5,7.375,7.5,7.6875,5.875,0.5625,6.375,4,4,35,10,20,15,10,10,60,5,5,10,10,8,9,10,9,8,NA,NA,NA,NA,NA,NA
"51",51,1,0.0588235294117647,5.47058823529412,5.02941176470588,6.29411764705882,4.23529411764706,5.79411764705882,4.35294117647059,0.294117647058824,4.67647058823529,5,10,25,10,35,15,0,15,25,15,20,30,5,6,8,10,2,2,NA,NA,NA,NA,NA,NA
"52",52,1,0.0625,3.875,6.5,7.0625,5,6.1875,4.6875,0.1875,5.25,10,9,15,20,15,30,5,15,10,20,20,25,10,5,8,8,6,7,NA,NA,NA,NA,NA,NA
"53",53,1,0.0666666666666667,6.6,6.93333333333333,7.6,5.6,7.4,5.33333333333333,0.4,6.3,2,2,40,15,20,10,5,10,30,20,15,10,10,8,9,8,8,8,NA,NA,NA,NA,NA,NA
"54",54,1,0,4.35294117647059,6.11764705882353,6.67647058823529,4.64705882352941,6.41176470588235,4.82352941176471,0,4.88235294117647,1,1,40,20,20,20,0,0,20,10,20,10,10,8,9,8,8,8,NA,NA,NA,NA,NA,NA
"55",55,1,0.176470588235294,6.11764705882353,7.05882352941176,6.94117647058824,6.94117647058824,6.76470588235294,5.47058823529412,0.352941176470588,6.32352941176471,1,1,20,25,25,10,10,10,20,20,10,20,10,6,10,9,10,10,NA,NA,NA,NA,NA,NA
"56",56,0,0.111111111111111,7.55555555555556,7,6.66666666666667,6.88888888888889,7.11111111111111,4.88888888888889,0.666666666666667,6.44444444444444,10,9,17,18,18,15,17,15,32,12,27,7,12,10,10,8,9,5,NA,NA,NA,NA,NA,NA
"57",57,0,0.111111111111111,5.44444444444444,7.77777777777778,6.88888888888889,6,5.77777777777778,4.66666666666667,0.222222222222222,5.77777777777778,10,10,10,20,20,20,15,15,10,20,20,20,10,6,10,9,10,10,NA,NA,NA,NA,NA,NA
"58",58,0,0.25,6,6.875,6.125,6.375,6,5.625,0.5,5.375,NA,NA,NA,NA,NA,NA,NA,NA,NA,NA,NA,NA,NA,NA,NA,NA,NA,NA,NA,NA,NA,NA,NA,NA
"59",59,0,0,6,7,6.66666666666667,3,4,3.66666666666667,0,3.66666666666667,NA,NA,NA,NA,NA,NA,NA,NA,NA,NA,NA,NA,NA,NA,NA,NA,NA,NA,NA,NA,NA,NA,NA,NA
"60",60,0,0.111111111111111,4.88888888888889,7,6.33333333333333,6.77777777777778,6.22222222222222,4.66666666666667,0.222222222222222,5,3,10,5,20,25,15,15,20,60,10,10,5,5,7,9,9,9,9,NA,NA,NA,NA,NA,NA
"61",61,0,0.222222222222222,4,7.22222222222222,7.55555555555556,5.33333333333333,5.66666666666667,4.22222222222222,0.222222222222222,5.11111111111111,1,5,15,15,20,15,15,20,40,12,12,12,12,7,10,10,7,7,NA,NA,NA,NA,NA,NA
"62",62,0,0.25,8.125,7.375,7.5,6.75,6.5,6.375,0.875,7.625,1,1,30,10,20,20,10,10,60,5,10,10,10,9,9,9,9,9,NA,NA,NA,NA,NA,NA
"63",63,0,0.125,4.625,6.875,7,6,5.5,4.625,0.125,5.25,1,3,5,15,45,25,0,10,50,20,15,0,10,6,8,8,9,7,NA,NA,NA,NA,NA,NA
"64",64,0,0.1,5.3,6.2,7.4,5.6,6.5,4.7,0.2,5.2,6,3,10,25,25,10,10,20,20,15,20,15,15,8,8,9,6,9,NA,NA,NA,NA,NA,NA
"65",65,0,0,6.5,7.3,7,7.8,6.2,5.7,0.4,6.4,6,3,17,17,17,17,17,15,20,18,14,15,15,7,9,8,9,9,NA,NA,NA,NA,NA,NA
"66",66,1,0,5,7.25,6.875,6.375,6.625,4.625,0.25,5.625,1,1,20,25,15,15,53,20,15,20,20,10,15,6,7,8,7,8,NA,NA,NA,NA,NA,NA
"67",67,1,0.285714285714286,6.42857142857143,7.85714285714286,7.71428571428571,7,7,5,0.428571428571429,6,1,1,20,15,20,20,5,10,17,17,20,11,15,5,7,7,6,7,NA,NA,NA,NA,NA,NA
"68",68,1,0,5.5,5.8,7.8,4.9,6,4.7,0.2,4.7,1,1,21,17,22,20,8,13,18,17,14,20,16,6,8,8,7,8,NA,NA,NA,NA,NA,NA
"69",69,1,0.222222222222222,7.11111111111111,7.44444444444444,7.66666666666667,6.88888888888889,7.11111111111111,6.11111111111111,0.666666666666667,7.11111111111111,2,2,50,10,30,10,0,0,20,40,20,10,0,5,9,8,5,8,NA,NA,NA,NA,NA,NA
"70",70,1,0.111111111111111,6,7.44444444444444,8.55555555555556,8,8.44444444444444,6.22222222222222,0.333333333333333,6.77777777777778,5,1,25,10,20,20,15,10,20,25,30,15,5,8,6,9,8,6,NA,NA,NA,NA,NA,NA
"71",71,1,0.333333333333333,5,8.22222222222222,7.77777777777778,5.22222222222222,7.33333333333333,5.22222222222222,0.444444444444444,5.44444444444444,6,7,60,15,0,15,0,10,80,0,10,0,0,6,8,10,8,10,NA,NA,NA,NA,NA,NA
"72",72,1,0,6.4,7.4,6.5,5,5.6,4.8,0.2,4.6,8,1,21,20,19,20,10,10,30,10,20,10,15,7,9,8,8,8,NA,NA,NA,NA,NA,NA
"73",73,1,0,6,7.375,7.625,7.375,8.25,5.625,0.375,5.375,7,3,30,10,20,30,0,10,20,20,30,10,10,7,7,7,8,8,NA,NA,NA,NA,NA,NA
"74",74,1,0.2,5.3,7.3,7.6,6,7.2,4.9,0.3,5.5,3,1,30,0,30,30,10,0,30,10,30,10,20,7,9,8,9,7,NA,NA,NA,NA,NA,NA
"75",75,1,0.25,5.625,7.375,7.875,5.5,7.25,4.625,0.25,5.25,3,3,20,20,20,20,10,10,15,15,20,20,15,7,7,8,8,8,NA,NA,NA,NA,NA,NA
"76",76,0,0.357142857142857,5.78571428571429,7,7.78571428571429,7.57142857142857,6.71428571428571,6.07142857142857,0.428571428571429,6.42857142857143,5,7,10,10,30,20,10,20,50,10,10,10,10,6,6,8,6,4,NA,NA,NA,NA,NA,NA
"77",77,0,0.357142857142857,6.57142857142857,7.21428571428571,7.21428571428571,6.71428571428571,6.5,5.78571428571429,0.428571428571429,5.96428571428571,2,2,15,20,20,20,15,10,40,20,20,10,5,6,8,8,8,8,NA,NA,NA,NA,NA,NA
"78",78,0,0.153846153846154,6.03846153846154,6.61538461538461,6.26923076923077,5.30769230769231,4.92307692307692,4.69230769230769,0.230769230769231,5.26923076923077,1,4,10,25,20,10,20,15,40,10,20,10,15,3,10,8,3,8,NA,NA,NA,NA,NA,NA
"79",79,0,0.2,5.66666666666667,7.66666666666667,7.53333333333333,6.86666666666667,6.26666666666667,6.2,0.466666666666667,6.6,8,8,10,20,15,20,20,15,15,15,20,15,20,7,9,7,8,7,NA,NA,NA,NA,NA,NA
"80",80,0,0.214285714285714,6.21428571428571,7.85714285714286,7.42857142857143,5.75,6.57142857142857,4.92857142857143,0.214285714285714,5.85714285714286,3,1,10,20,20,10,20,20,25,10,20,10,15,8,8,8,8,8,NA,NA,NA,NA,NA,NA
"81",81,0,0.2,7.8,7.06666666666667,7.53333333333333,6.93333333333333,8,6.66666666666667,0.733333333333333,6.93333333333333,6,9,10,10,20,20,20,20,40,15,20,10,10,8,7,7,8,7,NA,NA,NA,NA,NA,NA
"82",82,0,0.333333333333333,6.4,7.46666666666667,7.13333333333333,7,6.13333333333333,5.3,0.533333333333333,6.63333333333333,2,7,20,20,20,20,10,10,30,20,20,5,10,8,9,8,8,7,NA,NA,NA,NA,NA,NA
"83",83,0,0.142857142857143,7.14285714285714,8,7.57142857142857,7.42857142857143,7.07142857142857,6.39285714285714,0.785714285714286,7.14285714285714,1,5,10,32,20,12,11,15,15,10,15,10,25,5,9,5,9,5,NA,NA,NA,NA,NA,NA
"84",84,0,0.133333333333333,6.4,7.53333333333333,7.7,6.96666666666667,6.8,5.8,0.466666666666667,6.6,1,1,30,30,30,5,0,5,50,5,20,0,20,7,9,8,7,5,NA,NA,NA,NA,NA,NA
"85",85,0,0.0769230769230769,6.07692307692308,7.46153846153846,7.23076923076923,6.30769230769231,6.07692307692308,5.84615384615385,0.230769230769231,5.92307692307692,3,5,20,25,15,15,15,10,25,15,25,10,10,7,9,8,9,9,NA,NA,NA,NA,NA,NA
"86",86,0,0.533333333333333,7,7.73333333333333,7.8,7.4,7.26666666666667,6.06666666666667,0.733333333333333,7.06666666666667,1,1,15,20,20,20,5,20,40,10,10,10,20,7,9,9,9,4,NA,NA,NA,NA,NA,NA
"87",87,0,0.153846153846154,7.38461538461539,7.38461538461539,7.07692307692308,6.92307692307692,6.46153846153846,5.26923076923077,0.615384615384615,6.53846153846154,8,10,15,15,20,15,15,20,15,20,15,15,20,9,9,9,9,9,NA,NA,NA,NA,NA,NA
"88",88,0,0,6.73333333333333,7.46666666666667,7.06666666666667,6.66666666666667,6.53333333333333,6.06666666666667,0.333333333333333,6.2,8,7,15,15,20,15,20,15,15,20,15,20,15,9,9,9,9,9,NA,NA,NA,NA,NA,NA
"89",89,0,0.133333333333333,6.73333333333333,7.2,7.46666666666667,5.8,7.2,4.66666666666667,0.333333333333333,6.06666666666667,3,2,25,15,20,20,20,0,50,10,20,5,5,8,9,9,8,10,NA,NA,NA,NA,NA,NA
"90",90,0,0.0714285714285714,5.64285714285714,7.85714285714286,7.57142857142857,4.92857142857143,5.78571428571429,4.07142857142857,0.142857142857143,5,4,1,15,21,18,18,10,18,10,15,15,10,25,5,8,7,5,5,NA,NA,NA,NA,NA,NA
"91",91,0,0.466666666666667,8.33333333333333,7.93333333333333,8.2,7.8,8.2,6.73333333333333,0.866666666666667,7.93333333333333,6,8,15,3,50,20,2,10,65,8,20,2,5,6,7,9,7,8,NA,NA,NA,NA,NA,NA
"92",92,0,0.384615384615385,7.76923076923077,7.46153846153846,7.38461538461539,6.15384615384615,6.69230769230769,5.84615384615385,0.615384615384615,6.53846153846154,1,2,10,20,20,20,20,10,30,10,30,10,10,9,10,9,9,9,NA,NA,NA,NA,NA,NA
"93",93,0,0.266666666666667,6.83333333333333,7.83333333333333,7.86666666666667,7.43333333333333,6.9,6.26666666666667,0.733333333333333,7,2,2,14,20,18,24,18,6,30,15,20,10,10,8,8,8,8,7,NA,NA,NA,NA,NA,NA
"94",94,1,0.142857142857143,3.57142857142857,5.14285714285714,6.85714285714286,5,7.64285714285714,4.42857142857143,0.142857142857143,4.35714285714286,6,8,20,20,20,10,10,20,50,30,20,0,0,6,9,9,9,7,NA,NA,NA,NA,NA,NA
"95",95,1,0.0625,4.6875,7.0625,7.1875,5.4375,6.75,5.0625,0.125,5.4375,7,5,18,18,18,19,13,14,16,19,23,14,13,7,9,10,8,7,NA,NA,NA,NA,NA,NA
"96",96,1,0,4.4375,7,7.625,5.25,7.1875,4.75,0,5.4375,3,6,10,20,20,22,6,22,20,15,20,10,10,7,9,9,9,9,NA,NA,NA,NA,NA,NA
"97",97,1,0.230769230769231,6.76923076923077,7.07692307692308,7.92307692307692,6.92307692307692,7.38461538461539,5.92307692307692,0.461538461538462,5.84615384615385,4,1,50,7,20,23,0,0,30,12,8,30,10,7,5,6,7,6,NA,NA,NA,NA,NA,NA
"98",98,1,0.117647058823529,5.82352941176471,7.52941176470588,7.05882352941176,4.23529411764706,6.05882352941176,4.35294117647059,0.117647058823529,5.70588235294118,1,1,40,20,15,20,0,5,30,14,14,14,14,8,8,8,8,8,NA,NA,NA,NA,NA,NA
"99",99,1,0.466666666666667,8,7.6,7.8,7.46666666666667,7.6,7.2,0.933333333333333,7.8,1,1,30,30,20,10,10,0,20,20,10,25,5,10,10,10,10,8,NA,NA,NA,NA,NA,NA
"100",100,1,0.142857142857143,4.92857142857143,7.92857142857143,8.07142857142857,6,7.64285714285714,5.64285714285714,0.357142857142857,6.32142857142857,8,9,20,25,25,15,5,10,20,20,15,15,15,7,8,9,8,6,NA,NA,NA,NA,NA,NA
"101",101,1,0,4.25,7.625,7.9375,4.6875,7,4.4375,0,5.03125,3,2,40,8,10,12,10,20,20,10,30,10,20,8,8,9,8,9,NA,NA,NA,NA,NA,NA
"102",102,1,0.0625,4.375,7.125,7.1875,5,6.25,4.125,0.125,4.96875,2,6,30,10,30,20,10,0,10,20,30,10,0,8,5,10,7,9,NA,NA,NA,NA,NA,NA
"103",103,1,0,6.26666666666667,7.06666666666667,6.86666666666667,6.4,7,5.13333333333333,0.2,5.73333333333333,8,9,40,5,20,10,10,15,40,10,20,15,10,8,8,9,8,9,NA,NA,NA,NA,NA,NA
"104",104,1,0.266666666666667,7.26666666666667,7.2,7.66666666666667,6.93333333333333,7.06666666666667,5.73333333333333,0.466666666666667,6.33333333333333,6,8,20,15,25,15,20,5,15,20,20,15,10,9,8,9,7,9,NA,NA,NA,NA,NA,NA
"105",105,1,0.411764705882353,6.35294117647059,7.94117647058824,8.17647058823529,8.05882352941176,7.64705882352941,6.58823529411765,0.529411764705882,NA,1,1,30,15,20,20,0,5,25,20,15,10,15,8,7,8,9,6,NA,NA,NA,NA,NA,NA
"106",106,1,0,5.07142857142857,7.5,7.57142857142857,6.57142857142857,6.92857142857143,5,0.142857142857143,5.92857142857143,1,3,10,20,35,10,5,20,20,20,20,5,20,4,7,9,3,2,NA,NA,NA,NA,NA,NA
"107",107,1,0.5625,6.75,8.25,8.0625,8,7.4375,7.125,0.625,7.3125,1,1,19,24,21,23,5,8,22,18,23,10,7,7,9,9,9,6,NA,NA,NA,NA,NA,NA
"108",108,1,0.222222222222222,7.16666666666667,7,7.5,6.77777777777778,6.94444444444444,6.11111111111111,0.555555555555556,6.66666666666667,1,1,10,20,35,20,0,15,25,15,15,10,10,4,8,7,3,2,NA,NA,NA,NA,NA,NA
"109",109,1,0.375,5.875,7.75,8.0625,7,7.25,6.4375,0.375,7,1,1,15,10,30,10,5,30,20,15,15,20,15,6,9,9,8,8,NA,NA,NA,NA,NA,NA
"110",110,1,0.142857142857143,5.71428571428571,6.78571428571429,7.14285714285714,7,7.21428571428571,5.64285714285714,0.214285714285714,5.92857142857143,4,6,20,20,15,15,5,25,20,15,15,5,25,7,9,8,8,7,NA,NA,NA,NA,NA,NA
"111",111,1,0,5,7.42857142857143,7.5,6.57142857142857,7.14285714285714,5.5,0.0714285714285714,5.71428571428571,7,1,20,20,20,20,10,10,25,15,15,10,15,5,8,8,5,5,NA,NA,NA,NA,NA,NA
"112",112,0,0.6,7.9,7.3,7.5,7,6.2,6.4,0.8,7.4,1,1,15,15,20,25,10,15,45,10,20,0,5,9,10,9,9,9,NA,NA,NA,NA,NA,NA
"113",113,0,0.3,6.4,6.7,7,6.6,6,6.1,0.4,6.5,3,8,15,15,25,25,15,5,30,15,25,10,20,8,10,8,10,9,NA,NA,NA,NA,NA,NA
"114",114,0,0.111111111111111,4.88888888888889,6.55555555555556,7,5.33333333333333,6.11111111111111,5.11111111111111,0.222222222222222,5.33333333333333,2,4,20,20,20,20,10,10,30,20,20,10,10,7,9,6,8,7,NA,NA,NA,NA,NA,NA
"115",115,0,0.333333333333333,7.22222222222222,6.33333333333333,6.55555555555556,7.22222222222222,6.44444444444444,6.88888888888889,0.555555555555556,7,10,7,20,10,30,20,15,5,40,20,20,0,10,8,7,9,8,8,NA,NA,NA,NA,NA,NA
"116",116,0,0.333333333333333,6.66666666666667,6.77777777777778,6.33333333333333,6.11111111111111,6.11111111111111,6,0.555555555555556,6.44444444444444,4,1,15,15,25,25,20,0,30,10,30,5,20,8,9,9,8,9,NA,NA,NA,NA,NA,NA
"117",117,0,0.111111111111111,7.77777777777778,7.22222222222222,7.44444444444444,7.44444444444444,7.44444444444444,7,0.555555555555556,7.66666666666667,8,10,20,10,20,20,20,10,20,15,20,15,20,8,7,8,8,8,NA,NA,NA,NA,NA,NA
"118",119,0,0.444444444444444,7.66666666666667,7.33333333333333,6.66666666666667,6.44444444444444,6.44444444444444,5.88888888888889,0.777777777777778,7.11111111111111,5,2,50,15,10,10,10,5,70,5,10,5,5,8,10,10,10,10,NA,NA,NA,NA,NA,NA
"119",120,0,0.4,7.8,6.6,7.5,7.3,6.9,6.2,0.7,7.2,1,4,10,10,35,35,8,2,50,20,20,2,7,6,8,8,8,9,NA,NA,NA,NA,NA,NA
"120",121,0,0,4.8,6.5,7.2,4.8,5.4,4,0.2,4.5,8,1,35,15,5,30,15,0,60,0,20,0,15,2,9,7,9,9,NA,NA,NA,NA,NA,NA
"121",122,1,0.375,8.375,8.875,8.625,8.875,7.625,7.5,0.875,8.125,1,1,40,15,10,20,5,10,50,10,10,10,10,7,10,8,8,8,NA,NA,NA,NA,NA,NA
"122",123,1,0,6.375,9,7.25,5.5,6.625,4.375,0.375,6,3,5,50,10,20,5,5,10,20,10,5,5,10,8,7,7,7,8,NA,NA,NA,NA,NA,NA
"123",124,1,0,3.75,5.25,6.75,2.625,8.5,1.375,0,2.125,1,1,40,10,10,10,10,20,20,10,10,20,10,8,8,10,10,10,NA,NA,NA,NA,NA,NA
"124",125,1,0.777777777777778,8,8.33333333333333,8.55555555555556,8.44444444444444,8.22222222222222,6.77777777777778,0.888888888888889,8,3,1,20,15,20,15,12,18,25,15,15,15,20,9,6,9,10,10,NA,NA,NA,NA,NA,NA
"125",126,1,0.25,6.25,8.5,8.625,6.75,8.125,6.375,0.375,7.375,7,5,25,40,15,10,5,5,20,15,20,15,10,9,10,9,9,9,NA,NA,NA,NA,NA,NA
"126",127,1,0.444444444444444,7.33333333333333,5.88888888888889,6.11111111111111,6.11111111111111,6.11111111111111,5.11111111111111,0.555555555555556,5.66666666666667,1,1,25,25,25,15,5,5,20,20,20,10,10,8,8,9,9,8,NA,NA,NA,NA,NA,NA
"127",128,1,0.625,7.875,8.625,8.125,6.875,6.625,5,0.75,7.5,3,1,40,15,10,20,10,5,25,20,20,10,10,8,7,8,7,7,NA,NA,NA,NA,NA,NA
"128",129,1,0.25,6.125,7.75,5.875,6.625,7.25,5.25,0.25,6.25,1,1,40,20,20,20,NA,NA,40,10,10,10,10,8,8,8,8,8,NA,NA,NA,NA,NA,NA
"129",130,1,0.125,7.5,8.75,7.625,6.25,6.75,4.875,0.75,7.125,4,1,80,10,10,NA,NA,NA,60,10,10,NA,NA,5,6,6,6,6,NA,NA,NA,NA,NA,NA
"130",131,1,0,4.83333333333333,8,6.83333333333333,4.33333333333333,6.33333333333333,1.5,0.166666666666667,4.83333333333333,4,1,25,10,20,20,10,15,30,20,20,10,10,4,6,6,4,6,NA,NA,NA,NA,NA,NA
"131",234,0,0,5.6,8.2,7.2,7,6.8,4.6,0.4,6,1,5,20,20,20,10,10,20,75,1,3,10,10,7,7,8,8,10,10,20,20,20,15,15
"132",235,0,0.166666666666667,8.16666666666667,8,7,7.66666666666667,5.5,5,0.833333333333333,7.5,3,1,15,15,20,20,20,10,25,10,25,10,20,6,9,8,9,9,20,15,10,25,10,20
"133",236,0,0,6.33333333333333,7.16666666666667,7.16666666666667,4.5,5.5,3.66666666666667,0.166666666666667,5.33333333333333,3,3,15,20,15,20,15,15,30,10,30,10,10,7,9,8,10,8,25,15,15,20,15,10
"134",237,0,0.2,5,7.6,7.8,5.8,6,3.8,0.4,4.6,10,1,10,20,20,20,20,10,30,15,30,10,10,8,10,8,7,8,30,10,10,30,10,10
"135",238,0,0.285714285714286,6.85714285714286,7.85714285714286,7.28571428571429,7,7,6,0.571428571428571,6.85714285714286,3,5,15,20,20,15,15,15,50,10,25,0,5,10,9,9,10,8,40,10,25,10,10,5
"136",239,0,0.166666666666667,5.66666666666667,7.66666666666667,7.33333333333333,5.16666666666667,4.83333333333333,4.5,0.333333333333333,5.66666666666667,6,6,10,25,20,20,5,20,20,15,20,10,15,7,9,9,7,4,20,15,15,15,20,15
"137",240,0,0.142857142857143,6.71428571428571,7,7,8.28571428571429,7,5.28571428571429,0.857142857142857,6.85714285714286,1,1,10,30,30,10,10,10,40,10,25,10,10,3,8,3,5,6,40,5,10,25,10,10
"138",241,0,0.333333333333333,6.33333333333333,8.16666666666667,7.16666666666667,7.66666666666667,7.16666666666667,6,1,7.16666666666667,1,1,90,2,2,2,2,2,90,2,3,0,5,8,10,8,8,8,15,35,15,10,10,15
"139",242,0,0.5,8,7.375,7.5,7.125,6,6,0.75,7.25,3,3,20,20,25,20,5,10,30,20,25,5,10,7,9,8,7,4,25,15,20,25,5,10
"140",243,1,0.333333333333333,5.66666666666667,6.55555555555556,7.44444444444444,5.66666666666667,5.44444444444444,5.22222222222222,0.777777777777778,6,2,3,20,20,20,25,5,10,20,15,20,10,10,7,9,9,8,5,25,20,15,20,5,15
"141",244,1,0.111111111111111,6.33333333333333,7.22222222222222,7,6.66666666666667,7.77777777777778,6.11111111111111,0.666666666666667,6.66666666666667,8,9,20,20,20,10,10,20,20,10,20,20,10,7,10,10,7,10,40,10,10,30,5,5
"142",245,1,0.125,4.625,6.125,8.5,5.5,7,5.625,0.25,5.75,1,6,18,10,30,10,10,22,25,11,18,20,15,5,7,8,6,7,30,10,12,18,15,15
"143",246,1,0,4.125,7.375,6.25,5.375,5.75,4.375,0,5.125,7,1,35,20,10,20,10,5,40,5,30,15,5,7,8,7,6,6,45,5,5,30,5,10
"144",247,1,0,4.125,7.75,7.375,5,6,4,0,5.125,1,1,20,30,10,15,0,25,30,20,23,5,10,5,10,8,2,4,35,20,5,25,0,15
"145",248,1,0.333333333333333,7,6,6.66666666666667,7.66666666666667,7.66666666666667,5.44444444444444,0.777777777777778,7,1,1,25,15,20,20,15,5,20,15,25,20,5,5,6,8,8,8,35,5,15,30,5,10
"146",249,1,0,4.375,7,7.375,5.5,7.625,4.75,0,5.125,2,7,22,22,15,15,5,21,15,25,10,25,10,7,9,10,7,7,35,15,5,25,5,20
"147",250,1,0.555555555555556,6.77777777777778,6.66666666666667,8,6.88888888888889,8.44444444444444,7.66666666666667,0.888888888888889,6.88888888888889,1,1,20,20,20,20,10,10,20,20,20,10,10,10,9,10,9,10,30,20,10,20,5,15
"148",251,1,0.142857142857143,5.14285714285714,6.85714285714286,7.28571428571429,5.85714285714286,5.85714285714286,5.42857142857143,0.142857142857143,5.85714285714286,2,2,19,19,19,19,19,5,13,30,15,15,7,8,10,10,9,9,30,10,30,10,10,10
"149",252,0,0.117647058823529,6.73529411764706,7.82352941176471,7.23529411764706,7.23529411764706,6.82352941176471,5.76470588235294,0.588235294117647,6.44117647058824,1,1,0,25,25,25,25,0,20,20,20,20,15,9,9,9,9,10,30,20,10,30,0,10
"150",253,0,0.125,3.625,6.25,6.75,4.6875,5.9375,4.5,0.3125,4.59375,1,1,25,30,10,10,5,20,40,5,20,5,20,8,10,8,9,7,30,20,10,25,5,20
"151",254,0,0,5.88888888888889,7.27777777777778,7.88888888888889,6.38888888888889,6.66666666666667,5.5,0.5,6.05555555555556,8,3,25,7,25,25,8,10,30,10,25,10,10,8,7,10,8,8,25,10,15,15,15,20
"152",255,0,0,5.55555555555556,6.16666666666667,6,4.88888888888889,5.44444444444444,5.05555555555556,0.333333333333333,5.05555555555556,3,1,16.67,16.67,16.67,16.67,16.67,16.67,50,10,10,10,10,6,8,7,6,6,50,10,10,10,10,10
"153",256,0,0.176470588235294,6.70588235294118,7.23529411764706,7.58823529411765,6.35294117647059,6.82352941176471,5.88235294117647,0.823529411764706,6.29411764705882,6,5,15,25,20,20,10,10,30,20,25,5,10,6,9,8,6,6,20,15,15,20,10,20
"154",257,0,0,6.94117647058824,7.17647058823529,6.76470588235294,6.47058823529412,6.58823529411765,6.05882352941176,0.588235294117647,6.41176470588235,5,6,22,14,30,10,14,10,50,10,10,10,10,7,9,9,7,10,50,10,10,10,10,10
"155",258,0,0.294117647058824,6.88235294117647,7.29411764705882,7.11764705882353,6.70588235294118,6.52941176470588,5.47058823529412,0.647058823529412,6.85294117647059,1,10,7,35,20,20,5,13,50,9,17,5,11,6,10,9,8,5,18,13,14,10,33,12
"156",259,0,0,6.5,6,7.4375,5.6875,6.8125,5.875,0.3125,5.625,2,2,15,18,19,19,17,12,17,16,18,13,18,7,9,8,8,9,15,17,16,18,17,17
"157",260,0,0.277777777777778,5.44444444444444,6.83333333333333,7.5,5.88888888888889,6.83333333333333,5.66666666666667,0.5,6.16666666666667,4,4,19,20,19,14,13,15,19,19,14,13,15,6,9,9,7,6,25,10,20,20,15,10
"158",261,0,0.235294117647059,5.05882352941176,6.17647058823529,7.11764705882353,5.41176470588235,5.76470588235294,5.17647058823529,0.352941176470588,5.41176470588235,1,4,15,20,20,20,15,10,45,10,20,5,10,5,8,7,7,8,30,15,15,20,10,10
"159",262,0,0,5.33333333333333,7.5,7.66666666666667,5.88888888888889,6.05555555555556,5.33333333333333,0.5,5.94444444444444,1,10,10,40,20,20,0,10,20,10,20,10,30,6,10,9,5,3,17,17,17,17,16,16
"160",263,0,0.333333333333333,5.94444444444444,7.11111111111111,7.55555555555556,7.27777777777778,6.44444444444444,5.94444444444444,0.777777777777778,6.77777777777778,9,10,20,20,20,10,20,10,50,5,5,5,5,8,8,8,8,5,10,30,30,5,20,5
"161",264,0,0.222222222222222,6,7,7.11111111111111,6.38888888888889,6.27777777777778,5.77777777777778,0.722222222222222,6.16666666666667,1,3,15,15,25,20,5,20,30,10,20,10,20,8,7,9,8,5,30,10,10,20,15,15
"162",265,0,0.0526315789473684,4.94736842105263,6.52631578947368,6.84210526315789,3.89473684210526,5.57894736842105,4.47368421052632,0.315789473684211,5.05263157894737,3,3,15,5,45,10,15,10,68,10,10,2,5,7,9,10,7,10,40,5,20,15,2,18
"163",266,0,0.235294117647059,7.5,7.97058823529412,7.85294117647059,7.08823529411765,6.26470588235294,6.14705882352941,0.882352941176471,7.23529411764706,2,2,25,20,20,25,0,10,39,15,20,0,6,8,8,7,7,4,30,10,10,20,20,10
"164",267,0,0,5.625,6.375,5.75,5.3125,5.25,4.75,0.25,4.75,2,2,20,30,10,15,10,15,20,20,10,20,10,7,6,7,5,7,20,20,20,10,20,10
"165",268,0,0.529411764705882,8.55882352941176,8.44117647058824,8.32352941176471,7.61764705882353,7.79411764705882,7.26470588235294,0.941176470588235,8.26470588235294,1,1,30,20,20,10,15,5,30,15,20,10,15,9,9,9,8,9,30,15,15,15,10,15
"166",269,0,0.352941176470588,7.64705882352941,7.82352941176471,8.11764705882353,7.11764705882353,7.05882352941176,6.52941176470588,0.882352941176471,7.29411764705882,4,5,20,10,30,15,15,10,30,10,30,5,10,8,8,8,6,7,30,5,20,30,5,10
"167",270,0,0.277777777777778,6.05555555555556,7.05555555555556,7.55555555555556,6.11111111111111,6.38888888888889,5.72222222222222,0.555555555555556,5.94444444444444,2,4,16,16,19,17,14,18,19,17,19,16,16,5,4,8,7,6,18,15,16,17,18,16
"168",271,0,0.111111111111111,6.55555555555556,6.11111111111111,6.05555555555556,6.11111111111111,5.72222222222222,5.16666666666667,0.5,5.75,10,9,10,15,40,15,10,10,30,30,10,10,10,9,10,9,10,10,30,10,30,10,10,10
"169",272,0,0,7.70588235294118,7,6.41176470588235,6.70588235294118,6.47058823529412,5.58823529411765,0.529411764705882,6.70588235294118,10,10,25,20,25,25,5,0,40,10,30,10,0,9,10,9,10,10,40,10,10,30,10,0
"170",273,1,0,5.7,6.65,7.4,5.45,6.35,4.9,0.3,NA,8,4,30,25,18,18,4,5,17,23,20,15,10,7,10,7,5,7,37,10,11,20,5,17
"171",274,1,0.315789473684211,5.47368421052632,6.15789473684211,6.31578947368421,5.94736842105263,6.10526315789474,4.89473684210526,0.315789473684211,5.78947368421053,3,3,30,10,20,20,10,10,10,25,25,25,5,7,7,9,10,9,40,5,10,30,10,5
"172",275,1,0.0526315789473684,6.26315789473684,6.78947368421053,7.42105263157895,5.31578947368421,6.68421052631579,4.94736842105263,0.0526315789473684,5.36842105263158,1,1,25,10,25,5,10,25,10,20,15,15,25,10,7,10,6,10,20,15,15,15,10,25
"173",276,1,0.238095238095238,5.80952380952381,6.47619047619048,7.42857142857143,6.23809523809524,6.14285714285714,5.28571428571429,0.333333333333333,6.52380952380952,7,3,24,16,28,14,8,10,25,11,18,23,5,7,6,10,7,8,25,13,11,23,13,15
"174",277,1,0.210526315789474,6.63157894736842,6.21052631578947,7.15789473684211,6.47368421052632,6.63157894736842,5.52631578947368,0.578947368421053,6.73684210526316,1,1,60,20,0,20,0,0,50,0,0,50,0,4,8,8,8,5,40,10,10,20,10,10
"175",278,1,0,4.44444444444444,6.05555555555556,6.88888888888889,5.16666666666667,6.33333333333333,4,0,5.33333333333333,1,1,25,15,20,25,10,5,25,20,25,10,5,8,8,8,8,8,25,15,20,25,10,5
"176",279,1,0.25,6.925,6.35,7.35,6.3,6.85,5.35,0.6,6.75,7,1,27,15,28,10,10,10,40,25,8,13,11,8,9,10,6,7,40,3,25,8,13,11
"177",280,1,0.210526315789474,4.94736842105263,7.10526315789474,7.94736842105263,5.47368421052632,6.10526315789474,5.10526315789474,0.263157894736842,5.89473684210526,2,1,25,20,30,15,5,5,20,30,15,15,10,5,9,8,5,6,35,20,15,10,10,10
"178",281,1,0.1,5.6,5.85,7.55,4.7,5.95,5.25,0.2,5.45,2,5,20,20,20,15,5,20,25,10,25,20,10,7,8,8,6,5,35,20,1,19,1,24
"179",282,1,0.333333333333333,6.55555555555556,7,6.83333333333333,7.22222222222222,6.44444444444444,5.33333333333333,0.388888888888889,6.27777777777778,1,1,25,15,20,20,10,10,25,20,10,20,10,7,9,7,9,10,25,15,20,10,20,10
"180",283,1,0.111111111111111,5.33333333333333,7.22222222222222,7.22222222222222,5.5,6.27777777777778,4.44444444444444,0.166666666666667,5.66666666666667,1,1,50,10,10,10,10,10,30,30,10,10,10,9,9,9,9,9,30,10,30,10,10,10
"181",284,1,0.0526315789473684,5.63157894736842,6.63157894736842,6.94736842105263,5.84210526315789,6,4.68421052631579,0.315789473684211,5.84210526315789,1,5,25,20,25,20,10,0,15,15,20,20,15,7,6,8,7,7,25,15,20,20,5,15
"182",285,1,0.0952380952380952,4.57142857142857,6.71428571428571,7,4.61904761904762,6.14285714285714,4.47619047619048,0.0952380952380952,5.38095238095238,1,1,20,20,25,25,5,5,20,25,25,5,5,8,10,10,10,8,20,20,25,25,5,5
"183",286,1,0,4.85,6.6,7,5.15,6.1,4.3,0,5.15,4,7,10,15,25,15,15,20,15,20,15,20,15,3,6,7,6,7,20,10,15,15,15,25
"184",287,1,0,4.36842105263158,4.94736842105263,6.10526315789474,4.26315789473684,6.05263157894737,4.05263157894737,0,4.10526315789474,1,1,35,40,5,5,7,8,18,10,25,7,20,7,10,7,5,10,25,25,5,25,5,15
"185",288,1,0.111111111111111,5.83333333333333,6.66666666666667,7,6,6.61111111111111,5.27777777777778,0.388888888888889,5.88888888888889,3,5,20,20,15,25,10,10,30,5,25,10,10,5,8,8,7,7,40,5,10,20,5,20
"186",289,1,0.222222222222222,5.83333333333333,7,7.05555555555556,7.16666666666667,6.61111111111111,4.94444444444444,0.5,6.55555555555556,1,2,20,30,10,20,0,20,30,15,15,20,0,4,9,8,10,8,70,5,5,20,0,0
"187",290,1,0.1,6.7,6.3,7.45,5.35,6.35,4.9,0.35,5.9,2,6,30,10,30,10,5,15,15,20,30,25,5,5,4,10,5,9,30,30,10,20,5,5
"188",291,1,0.238095238095238,5.09523809523809,7.09523809523809,8.14285714285714,6.09523809523809,7.85714285714286,5.23809523809524,0.238095238095238,6.28571428571429,5,5,20,20,15,15,12,18,30,20,20,5,10,6,9,9,7,9,30,10,10,20,10,20
"189",292,1,0.157894736842105,7.21052631578947,6.73684210526316,7.26315789473684,6.42105263157895,6.89473684210526,4.84210526315789,0.315789473684211,6.68421052631579,7,1,20,18,20,17,10,15,10,22,15,15,17,8,10,10,8,10,30,13,12,20,10,15
"190",293,1,0.0952380952380952,5.61904761904762,6.57142857142857,6.76190476190476,5.38095238095238,6.90476190476191,4.33333333333333,0.285714285714286,5.47619047619048,3,7,23,18,21,18,10,10,15,20,15,15,10,7,10,9,9,9,30,15,15,20,10,10
"191",294,0,0.0833333333333333,7.5,7.41666666666667,8,6.83333333333333,6.5,6.5,0.666666666666667,7.25,1,1,20,20,35,5,10,10,35,10,20,10,5,9,10,9,7,7,35,10,25,10,10,10
"192",295,0,0,5.36363636363636,6.63636363636364,6.54545454545455,5.45454545454545,5.54545454545455,4.81818181818182,0.181818181818182,5.54545454545455,5,7,10,18,20,16,16,20,22,14,18,8,18,7,10,8,8,8,24,16,14,18,20,8
"193",296,0,0.230769230769231,5.23076923076923,7.38461538461539,7.76923076923077,6,7.07692307692308,5.30769230769231,0.384615384615385,6.15384615384615,10,10,15,20,35,15,5,10,50,10,30,0,10,8,9,10,6,9,50,0,5,25,0,20
"194",297,0,0.333333333333333,7.08333333333333,6.91666666666667,6.41666666666667,6.58333333333333,6.08333333333333,5.5,0.666666666666667,6.91666666666667,9,8,25,25,15,15,10,10,40,10,15,10,15,8,10,8,9,9,40,10,10,15,10,15
"195",298,0,0,5.76923076923077,7,7.07692307692308,6,5.61538461538461,4.53846153846154,0.230769230769231,5.84615384615385,7,1,10,30,20,10,15,15,50,10,10,10,10,7,10,10,9,10,30,30,20,10,5,5
"196",299,0,0.0833333333333333,5.66666666666667,7.33333333333333,7.25,6.66666666666667,6,5.08333333333333,0.416666666666667,6.08333333333333,1,1,10,40,10,20,10,10,40,10,10,10,20,6,9,8,9,9,10,10,30,10,10,30
"197",300,0,0.181818181818182,5.18181818181818,6.81818181818182,7.27272727272727,5.54545454545455,5.90909090909091,5.27272727272727,0.272727272727273,5.45454545454545,1,1,15,20,25,15,15,10,40,10,20,5,20,8,9,9,9,10,15,20,20,20,15,10
"198",301,0,0.153846153846154,6.07692307692308,7.46153846153846,8,6.84615384615385,6.84615384615385,5.61538461538461,0.307692307692308,6.30769230769231,3,8,20,20,20,20,10,10,40,20,20,10,5,9,9,9,8,8,40,5,20,20,10,5
"199",302,0,0,5.07692307692308,5.46153846153846,5.69230769230769,6,5.92307692307692,5.07692307692308,0,5.07692307692308,8,7,50,5,20,10,5,10,70,5,15,0,5,8,8,8,8,10,75,5,10,5,5,0
"200",303,0,0.0833333333333333,7,6.91666666666667,7.5,6.83333333333333,6.08333333333333,6.33333333333333,0.583333333333333,7,2,1,20,25,25,10,15,5,40,15,25,5,5,8,10,8,9,6,25,15,20,20,15,5
"201",304,0,0.0769230769230769,6.53846153846154,7.38461538461539,6.61538461538461,7.30769230769231,6.07692307692308,5.15384615384615,0.307692307692308,6.61538461538461,1,10,5,20,25,25,15,10,25,20,25,5,10,6,10,8,10,8,15,10,10,15,25,25
"202",305,0,0.153846153846154,6.46153846153846,7.61538461538461,7.07692307692308,6,6,5,0.230769230769231,6,6,9,10,47,16,12,3,12,35,8,20,2,20,7,9,9,8,5,30,16,14,20,8,12
"203",306,0,0.0833333333333333,6.75,7.41666666666667,6.75,6.08333333333333,5.5,4.41666666666667,0.166666666666667,NA,6,2,16,20,19,16,18,11,22,18,18,16,13,6,9,8,8,8,22,13,18,18,16,13
"204",307,0,0.25,7.08333333333333,7.75,7.66666666666667,7.16666666666667,6.33333333333333,5.91666666666667,0.666666666666667,7.33333333333333,1,3,10,20,20,15,20,15,30,20,20,10,10,5,8,8,7,8,15,20,20,15,20,10
"205",308,1,0.0833333333333333,5.16666666666667,7.83333333333333,8.25,5.83333333333333,7.66666666666667,5.33333333333333,0.0833333333333333,6.41666666666667,7,3,17,19,18,17,11,18,15,20,15,15,15,7,10,8,8,7,19,17,18,19,11,16
"206",309,1,0.166666666666667,6.91666666666667,8.25,8.41666666666667,7.33333333333333,6.91666666666667,6.33333333333333,0.5,7.08333333333333,5,9,20,20,20,20,10,10,30,15,25,10,10,7,8,9,9,7,30,10,15,25,10,10
"207",310,1,0.0833333333333333,6.33333333333333,6.75,7.33333333333333,4.91666666666667,6.08333333333333,3.83333333333333,0.166666666666667,4.83333333333333,7,8,24,15,20,20,8,13,21,16,15,13,18,7,6,7,8,4,25,10,18,22,13,12
"208",311,1,0.0833333333333333,7.45833333333333,7.91666666666667,7.91666666666667,7.08333333333333,7.5,6.375,0.5,6.83333333333333,1,1,50,20,10,10,5,5,20,20,10,10,20,9,9,9,10,3,50,10,20,5,5,10
"209",312,1,0.0714285714285714,6.78571428571429,7.85714285714286,7.89285714285714,6.92857142857143,7.35714285714286,7.21428571428571,0.5,7,3,1,25,5,30,15,5,20,25,10,20,15,10,8,7,9,7,9,50,0,10,25,0,15
"210",313,1,0.0833333333333333,7.08333333333333,8.16666666666667,8.25,7.66666666666667,7.16666666666667,7.08333333333333,0.666666666666667,7.83333333333333,2,3,19,13,18,18,10,22,20,15,15,25,10,7,8,8,8,6,25,10,15,20,15,15
"211",314,1,0,5.53846153846154,7.69230769230769,8.23076923076923,5.92307692307692,7.76923076923077,5.30769230769231,0.0769230769230769,5.76923076923077,3,1,20,10,30,20,10,10,15,10,20,15,15,8,8,9,8,7,25,10,10,25,10,20
"212",315,1,0.166666666666667,6.29166666666667,7.58333333333333,8.33333333333333,6.33333333333333,7.33333333333333,5.625,0.333333333333333,6.58333333333333,1,4,6.67,19.05,42.86,9.52,14.29,7.62,20,20,15,20,10,6,10,8,6,7,20,15,15,15,20,15
"213",316,1,0.454545454545455,7.81818181818182,7.81818181818182,8.27272727272727,8.18181818181818,8.54545454545454,7,0.636363636363636,7.54545454545455,3,3,25,20,15,25,10,5,25,20,25,15,5,6,8,8,7,9,30,10,15,30,10,5
"214",317,1,0.25,8,7.66666666666667,7.91666666666667,8.58333333333333,7.41666666666667,6.58333333333333,0.666666666666667,7.83333333333333,1,1,50,0,20,20,0,10,20,30,30,0,20,7,3,8,8,5,40,0,20,20,0,20
"215",318,1,0,4.92307692307692,7.53846153846154,7.76923076923077,6,7.53846153846154,5.76923076923077,0.0769230769230769,6.07692307692308,1,1,40,30,10,8,2,10,20,10,25,15,10,6,10,10,6,10,5,35,35,10,15,0
"216",319,1,0.25,4.66666666666667,7.5,7.5,6.58333333333333,6.83333333333333,6.16666666666667,0.25,6,2,4,20,25,20,10,5,20,35,5,15,30,10,5,10,9,6,3,25,5,10,15,15,30
"217",320,1,0,5.5,6.75,7.58333333333333,5.66666666666667,7,5.66666666666667,0,5.58333333333333,6,8,20,16,16,16,16,16,20,10,10,20,10,8,8,9,9,7,20,10,10,10,20,10
"218",321,1,0,5.91666666666667,6.58333333333333,7.5,5.91666666666667,6.91666666666667,4.66666666666667,0.333333333333333,5.91666666666667,3,3,30,15,15,20,10,10,40,10,30,5,5,6,8,7,7,8,25,15,15,15,15,15
"219",322,0,0.25,6.625,7.125,7.25,6.625,6.75,5.125,0.25,6,2,1,2,60,15,8,5,10,40,10,10,0,10,5,9,7,8,7,30,30,20,5,5,10
"220",323,0,0.333333333333333,7.77777777777778,7.88888888888889,7.33333333333333,5.77777777777778,6.55555555555556,5.66666666666667,0.555555555555556,6.77777777777778,1,1,10,20,20,20,10,20,30,10,20,10,10,7,9,8,6,3,20,20,10,20,15,15
"221",324,0,0.375,7.25,7.375,7,7.75,6.75,7,0.375,7.125,8,3,40,10,15,20,10,5,60,5,15,5,10,9,9,9,9,8,60,5,5,15,5,10
"222",325,0,0.375,6.5,7.75,7.625,8.25,7,6.75,0.375,7.125,2,4,10,20,20,10,10,30,30,10,20,10,10,7,9,8,7,8,30,20,10,20,10,10
"223",326,0,0.222222222222222,4.88888888888889,8.22222222222222,7.11111111111111,6.66666666666667,6.55555555555556,5.77777777777778,0.222222222222222,5,5,5,15,15,15,20,20,15,25,10,25,10,15,8,9,9,6,8,20,10,10,20,20,20
"224",327,0,0,8.33333333333333,7.55555555555556,7.88888888888889,8.11111111111111,7.44444444444444,7.11111111111111,0.888888888888889,7.77777777777778,2,7,15,10,20,20,20,15,50,10,10,0,20,7,7,8,9,10,15,10,20,20,20,15
"225",328,0,0.111111111111111,7.33333333333333,7.77777777777778,7.55555555555556,7,6.88888888888889,6.22222222222222,0.555555555555556,6.55555555555556,1,1,22,12,30,25,10,1,10,20,40,10,10,7,10,10,8,10,30,5,30,5,20,10
"226",329,0,0,5,6.875,7,4.75,5.875,4.875,0.375,5.125,1,1,15,22,22,16,15,10,30,10,30,10,10,8,9,8,5,8,15,22,22,20,11,10
"227",330,0,0.111111111111111,7.55555555555556,7.22222222222222,7.88888888888889,7.44444444444444,7.33333333333333,6.11111111111111,0.555555555555556,6.44444444444444,3,3,15,25,15,20,10,15,50,5,15,5,15,8,10,7,9,9,25,10,10,25,10,20
"228",331,0,0,4.625,6.875,6.25,4.875,6,4.875,0.125,4.625,1,1,15,15,10,25,10,25,30,10,30,10,10,7,9,7,9,4,20,10,10,30,10,20
"229",332,1,0.285714285714286,4.28571428571429,8.42857142857143,8.28571428571429,6.85714285714286,6.57142857142857,3.57142857142857,0.428571428571429,5.57142857142857,1,1,60,10,10,10,5,5,50,5,30,5,5,5,10,6,6,10,50,10,5,20,5,10
"230",333,1,0.333333333333333,7.33333333333333,7.5,7.33333333333333,7.33333333333333,6.16666666666667,5.5,1,7.58333333333333,5,3,50,5,15,20,10,0,20,10,20,20,15,7,4,9,7,9,35,15,10,20,5,15
"231",334,1,0,7.125,7.375,7.625,7.875,6.625,5.625,0.625,7,1,1,40,10,15,10,10,15,20,20,20,10,20,8,7,8,8,9,25,10,15,25,10,15
"232",335,1,0.125,6.375,7.75,8.5,6.25,8.125,5.625,0.75,5.875,1,8,20,10,20,20,15,15,15,20,20,15,10,8,7,8,9,8,30,5,10,30,15,10
"233",336,1,0.125,5.75,7.5,7.625,6.875,6.5,4.75,0.375,6.25,1,5,20,15,30,10,15,10,30,20,10,15,10,5,9,7,7,9,30,15,20,10,15,10
"234",337,1,0.222222222222222,5.66666666666667,8.33333333333333,8,6.88888888888889,6.66666666666667,5.22222222222222,0.333333333333333,6.22222222222222,1,1,17,17,17,17,16,16,16,17,17,17,16,6,6,6,6,6,20,16,16,16,16,16
"235",338,1,0.125,4.5,7.25,7.625,5.25,7.375,3.5,0.25,4.625,1,1,10,20,25,20,20,5,25,20,25,10,10,7,9,9,7,10,25,5,20,25,10,15
"236",339,1,0.375,6.875,7.5,7.5,7.75,7.25,6,0.75,7.125,NA,NA,NA,NA,NA,NA,NA,NA,NA,NA,NA,NA,NA,NA,NA,NA,NA,NA,NA,NA,NA,NA,NA,NA
"237",340,1,0.142857142857143,7.71428571428571,6.85714285714286,7.57142857142857,6.85714285714286,7.14285714285714,5.71428571428571,0.857142857142857,6.85714285714286,NA,NA,NA,NA,NA,NA,NA,NA,NA,NA,NA,NA,NA,NA,NA,NA,NA,NA,NA,NA,NA,NA,NA,NA
"238",341,0,0.1875,7.0625,7.625,7.4375,7.1875,6.5625,5.9375,0.4375,6.9375,3,10,20,20,20,20,20,0,60,10,15,0,5,7,9,7,9,9,20,10,20,20,0,40
"239",342,0,0.0666666666666667,5.86666666666667,6.73333333333333,6.73333333333333,6.2,6.53333333333333,5.33333333333333,0.2,5.93333333333333,2,1,40,15,25,5,15,0,70,5,15,5,0,10,10,10,10,10,55,10,5,15,5,10
"240",343,0,0.133333333333333,5.26666666666667,7.66666666666667,7.73333333333333,5.86666666666667,7.33333333333333,5.6,0.2,5.6,5,6,5,25,20,10,15,25,30,7,20,8,20,4,8,10,6,7,15,20,15,15,15,20
"241",344,0,0.222222222222222,6.88888888888889,7.27777777777778,7.55555555555556,7.16666666666667,7.44444444444444,6.72222222222222,0.388888888888889,6.69444444444444,1,3,15,15,15,20,20,15,30,10,20,10,20,7,7,8,8,9,20,10,20,20,10,20
"242",345,0,0.25,6,7.625,7.5625,7,6.625,5.6875,0.375,6.25,7,6,10,20,27,23,15,5,35,10,25,10,10,7,9,9,7,7,50,0,5,20,5,20
"243",346,0,0.333333333333333,8.27777777777778,7.88888888888889,7.88888888888889,7.44444444444444,7.55555555555556,7.55555555555556,0.777777777777778,7.94444444444444,NA,NA,NA,NA,NA,NA,NA,NA,NA,NA,NA,NA,NA,NA,NA,NA,NA,NA,NA,NA,NA,NA,NA,NA
"244",347,0,0,3.2,6.46666666666667,5.86666666666667,4.2,4.6,2.66666666666667,0,3.8,1,1,30,5,10,20,30,5,30,10,20,30,5,8,6,10,10,10,30,5,10,20,30,5
"245",348,0,0.0588235294117647,4.70588235294118,7.47058823529412,7.17647058823529,6.58823529411765,6.29411764705882,5.11764705882353,0.0588235294117647,5.85294117647059,3,3,15,25,15,15,15,15,25,15,15,15,15,6,10,10,10,10,25,15,15,15,15,15
"246",349,0,0.4375,8.125,8.0625,7.4375,7.625,7.3125,6.4375,0.6875,7.28125,1,7,25,20,10,20,20,5,50,20,30,5,0,7,8,9,8,7,15,20,20,10,25,10
"247",350,0,0.166666666666667,7.66666666666667,7.77777777777778,7.61111111111111,7.27777777777778,7.11111111111111,6.38888888888889,0.722222222222222,7.08333333333333,9,5,12,25,25,8,15,15,30,10,25,5,25,7,10,8,6,8,15,15,15,15,25,15
"248",351,0,0.294117647058824,6.88235294117647,7.41176470588235,7.05882352941176,5.52941176470588,6.11764705882353,4.94117647058824,0.352941176470588,5.88235294117647,1,3,15,15,30,15,15,10,30,10,30,10,10,8,10,8,7,9,30,10,10,30,10,10
"249",352,0,0.166666666666667,5.88888888888889,7.94444444444444,7,5.27777777777778,5.5,4.61111111111111,0.222222222222222,5.27777777777778,6,6,20,20,20,10,10,20,20,15,10,15,20,9,10,9,9,8,20,20,20,10,15,15
"250",353,0,0.0625,4.9375,7.8125,6.75,4.8125,5.3125,3.5625,0.0625,4.4375,7,7,15,10,25,25,10,15,18,19,19,18,18,6,6,6,6,6,15,10,25,25,10,15
"251",354,0,0.444444444444444,6.83333333333333,7.16666666666667,7,7.83333333333333,7.16666666666667,7.33333333333333,0.5,6.98333333333333,9,8,20,10,20,20,20,10,40,10,25,15,15,7,7,8,10,8,25,5,20,15,17,18
"252",355,0,0.0588235294117647,7.23529411764706,7.41176470588235,6.76470588235294,7.05882352941176,6.70588235294118,6,0.588235294117647,6.70588235294118,10,2,50,20,10,5,10,5,60,5,20,5,0,6,10,8,8,8,50,20,10,5,10,5
"253",356,0,0.111111111111111,7.98888888888889,7.66666666666667,7.88888888888889,5.55555555555556,6.88888888888889,6,0.444444444444444,6.88888888888889,2,4,15,25,20,20,0,20,50,20,25,0,5,7,10,9,8,6,30,10,15,15,30,0
"254",357,0,0.1875,7.5,7.8125,7.875,6.8125,6.75,6.0625,0.625,7,10,10,15,20,20,20,20,5,60,5,20,0,15,6,10,7,7,6,15,20,15,20,10,20
"255",358,0,0.117647058823529,7.41176470588235,7.58823529411765,8.41176470588235,6.58823529411765,8.52941176470588,6.29411764705882,0.588235294117647,6.76470588235294,1,1,20,10,25,25,10,10,40,10,10,5,30,8,7,8,8,7,30,5,25,10,25,5
"256",359,0,0.1875,6.21875,6.8125,7.46875,5.3125,6.625,4.625,0.3125,5.34375,1,5,9,17,23,15,14,22,25,8,25,10,25,7,10,9,2,8,25,13,10,13,25,14
"257",360,0,0.266666666666667,5.93333333333333,8.06666666666667,7.6,5.93333333333333,6.53333333333333,5.6,0.266666666666667,5.93333333333333,8,4,20,30,10,10,10,20,30,10,20,10,20,8,10,8,8,8,30,10,10,20,10,20
"258",361,1,0.0769230769230769,4.30769230769231,6.53846153846154,6.84615384615385,5,6.53846153846154,4.23076923076923,0.230769230769231,4.76923076923077,5,5,30,20,30,5,5,10,30,20,5,30,5,7,7,7,5,9,30,20,10,10,0,10
"259",362,1,0.25,5.5625,7.25,7.875,7,6.9375,5.875,0.375,5.8125,1,1,20.51,14.53,24.79,17.09,5.98,17.09,33,16,33,0,1,7,7,8,9,8,25,25,20,10,10,10
"260",363,1,0.125,5.1875,7.75,7.3125,6.0625,6.6875,4.3125,0.25,5.1875,1,1,25,20,20,20,5,10,20,15,30,5,5,5,7,8,8,3,15,25,20,25,5,10
"261",364,1,0.277777777777778,6.38888888888889,7.94444444444444,7.72222222222222,7.55555555555556,7.05555555555556,6,0.444444444444444,6.61111111111111,6,2,25,25,25,15,10,0,25,25,20,15,5,8,8,9,8,9,20,10,20,10,20,20
"262",365,1,0.0769230769230769,7.23076923076923,7.76923076923077,7.84615384615385,7.61538461538461,7.76923076923077,6.84615384615385,0.615384615384615,6.76923076923077,1,1,31.58,10.53,15.79,21.05,10.53,10.53,20,20,15,15,10,8,2,9,9,9,30,10,10,20,15,15
"263",366,1,0.533333333333333,7.6,8.46666666666667,8.6,7.53333333333333,7.8,7.4,0.933333333333333,7.73333333333333,4,6,14,18,17,16,15,20,13,14,20,13,20,6,8,8,9,10,20,15,15,20,10,20
"264",367,1,0.133333333333333,6.6,8.06666666666667,7.73333333333333,7,7.13333333333333,7.66666666666667,0.666666666666667,7.06666666666667,6,3,30,15,20,25,5,5,20,25,10,15,5,7,7,7,8,5,25,20,15,20,5,15
"265",368,1,0.357142857142857,6.64285714285714,8.14285714285714,7.5,7.64285714285714,7.07142857142857,7,0.571428571428571,6.92857142857143,1,1,20,10,25,20,10,15,20,20,15,15,10,6,8,8,8,7,15,15,20,15,15,20
"266",369,1,0.545454545454545,6.54545454545455,7.54545454545455,7.27272727272727,8.54545454545454,7.09090909090909,5.90909090909091,0.727272727272727,6.45454545454545,1,8,17,18,28,27,5,5,50,10,20,5,10,6,9,10,9,7,65,0,8,15,0,12
"267",370,1,0.0714285714285714,8.28571428571429,7.85714285714286,8.28571428571429,7.71428571428571,7.78571428571429,7.14285714285714,0.857142857142857,7.71428571428571,7,4,50,10,10,10,10,10,30,20,10,20,10,8,6,9,9,9,50,10,10,10,10,10
"268",371,1,0.1875,7.5,7.375,7.375,6.875,6.9375,6,0.5,6.75,3,1,40,0,10,50,0,0,15,15,15,20,20,10,8,10,10,10,30,10,20,20,20,0
"269",372,1,0.153846153846154,6.61538461538461,7,7.46153846153846,6.92307692307692,6.23076923076923,6.07692307692308,0.615384615384615,6.07692307692308,9,7,30,15,15,20,5,15,30,15,10,20,15,7,8,9,8,8,40,15,10,20,0,15
"270",373,1,0.25,8.75,8.25,8.25,7.91666666666667,8,7.58333333333333,0.833333333333333,7.5,3,1,75,5,5,10,0,5,80,5,5,5,0,9,8,9,9,9,85,0,5,5,0,5
"271",374,1,0.0769230769230769,5.76923076923077,7.53846153846154,7.53846153846154,5.92307692307692,7.23076923076923,5.15384615384615,0.307692307692308,5.92307692307692,6,6,50,10,10,10,5,15,60,10,10,5,5,6,7,7,6,7,35,20,20,10,5,10
"272",375,1,0.142857142857143,8.5,7.14285714285714,7.28571428571429,6.92857142857143,6.71428571428571,5.85714285714286,0.642857142857143,6.85714285714286,3,2,30,20,15,15,8,12,30,10,15,25,10,8,9,8,9,9,23,15,15,15,27,5
"273",376,1,0.125,6.4375,7.6875,8.5,6.875,8.125,6.25,0.5625,6.75,10,7,30,10,15,20,15,10,30,20,10,20,10,6,10,9,8,10,40,5,15,15,5,20
"274",377,1,0.0714285714285714,5.85714285714286,6.64285714285714,7,5.28571428571429,6.14285714285714,4.85714285714286,0.214285714285714,5,3,2,25,20,10,20,15,10,20,20,20,10,5,7,8,7,8,7,45,10,5,30,5,5
"275",378,1,0.0714285714285714,6.71428571428571,7.28571428571429,7.14285714285714,6.57142857142857,6.64285714285714,6.07142857142857,0.357142857142857,6.21428571428571,3,2,25,15,20,20,10,10,25,10,15,30,10,6,7,9,7,7,10,10,20,20,30,10
"276",379,0,0.142857142857143,6.57142857142857,7.28571428571429,7.78571428571429,6.71428571428571,8,6.5,0.571428571428571,6.21428571428571,4,6,15,15,20,15,15,20,50,5,30,0,10,6,9,8,6,9,20,15,15,20,15,15
"277",380,0,0.125,6.125,7.5,7.9375,6.6875,7.0625,6.125,0.3125,6.0625,4,8,20,20,20,15,15,10,100,0,0,0,0,4,7,9,9,9,20,15,15,20,20,10
"278",381,0,0.153846153846154,6.84615384615385,7.07692307692308,7.07692307692308,7,7,6.46153846153846,0.461538461538462,5.76923076923077,6,3,20,10,20,35,5,10,40,20,15,10,10,7,7,9,10,8,40,5,20,15,10,10
"279",382,0,0.266666666666667,6.6,7.13333333333333,7.13333333333333,5.93333333333333,6.46666666666667,5.73333333333333,0.533333333333333,6.33333333333333,8,1,25,25,25,10,10,5,80,10,10,0,0,7,7,7,7,10,80,0,10,10,0,0
"280",383,0,0.166666666666667,6.58333333333333,7.83333333333333,6.5,6.58333333333333,6.5,5.75,0.583333333333333,6.66666666666667,10,5,25,20,10,20,15,10,75,2,20,1,1,7,9,6,7,6,50,5,5,20,10,10
"281",384,0,0.333333333333333,7,7.53333333333333,7.33333333333333,7.86666666666667,7,7.1,0.733333333333333,7.06666666666667,9,6,20,20,20,20,20,0,20,10,20,20,10,8,8,8,9,9,25,15,15,10,20,15
"282",385,0,0.285714285714286,7.5,8.35714285714286,7,7.42857142857143,6.64285714285714,6.28571428571429,0.428571428571429,6.85714285714286,5,8,25,20,20,20,10,5,50,10,20,5,10,8,8,8,6,6,40,5,10,20,5,20
"283",386,0,0.142857142857143,6.07142857142857,8.28571428571429,7.64285714285714,7.14285714285714,6.85714285714286,5.92857142857143,0.357142857142857,6.42857142857143,4,2,15,10,30,10,15,20,40,10,20,10,15,7,8,9,9,9,15,10,30,10,15,20
"284",387,0,0.384615384615385,8.26923076923077,7.69230769230769,7.53846153846154,7.42307692307692,6.69230769230769,6,0.769230769230769,7.15384615384615,5,2,20,15,25,15,15,10,30,20,15,10,10,8,8,8,8,8,20,15,25,15,15,10
"285",388,0,0,7.33333333333333,6.66666666666667,6.5,7,6.91666666666667,5.33333333333333,0.5,5.91666666666667,1,6,22,17,15,15,15,16,25,15,15,15,15,8,8,8,7,8,20,15,14,16,1,16
"286",389,0,0.411764705882353,7.58823529411765,7.11764705882353,7.64705882352941,7.79411764705882,7.32352941176471,5.29411764705882,0.941176470588235,7.29411764705882,1,1,20,30,20,20,0,10,50,10,15,15,10,8,10,7,9,5,50,0,10,15,15,10
"287",390,0,0.1875,3.8125,6.125,6.46875,4.5,6.25,2.625,0.1875,4.4375,1,10,10,20,20,10,10,30,10,20,10,10,30,8,8,8,8,8,20,20,20,20,10,10
"288",391,0,0.0769230769230769,7.07692307692308,7.15384615384615,7.38461538461539,7,6.61538461538461,6.76923076923077,0.615384615384615,6.76923076923077,1,5,35,0,35,10,10,10,80,0,20,0,0,8,9,9,9,7,50,0,0,0,50,0
"289",392,0,0,6.2,7.86666666666667,7.26666666666667,7,7.06666666666667,6.46666666666667,0.466666666666667,6.66666666666667,6,1,15,20,15,30,10,10,25,10,25,15,15,4,7,8,7,7,15,20,15,25,15,10
"290",393,0,0.230769230769231,5.69230769230769,8.23076923076923,7.61538461538461,6.53846153846154,6.61538461538461,6,0.307692307692308,6.23076923076923,4,8,8,20,25,25,12,10,18,18,18,5,13,7,9,8,8,8,10,20,25,20,15,10
"291",394,0,0,5.71428571428571,7.35714285714286,7.07142857142857,6.28571428571429,6,5.21428571428571,0.285714285714286,5.64285714285714,1,6,18,19,16,15,15,17,20,15,15,15,15,9,8,7,7,7,20,15,15,15,20,15
"292",395,0,0.142857142857143,6.07142857142857,6.78571428571429,7,6.28571428571429,6.5,5.35714285714286,0.285714285714286,5.39285714285714,1,2,20,20,20,10,10,20,30,10,20,10,10,8,8,9,7,7,30,20,10,20,10,10
"293",396,0,0.142857142857143,5.21428571428571,6.85714285714286,6.71428571428571,5.78571428571429,6.28571428571429,5.35714285714286,0.357142857142857,5.35714285714286,1,5,15,18,18,18,15,16,20,15,18,14,18,8,10,10,10,8,16,15,18,18,18,15
"294",397,1,0.0769230769230769,5.38461538461539,7.38461538461539,7.23076923076923,5.38461538461539,7.23076923076923,5.61538461538461,0.230769230769231,5.53846153846154,3,2,20,21,21,22,6,10,18,17,23,6,8,7,7,10,7,9,27,18,14,25,5,9
"295",398,1,0.384615384615385,7.53846153846154,7.53846153846154,7.61538461538461,8.23076923076923,7.07692307692308,6.30769230769231,0.615384615384615,7.53846153846154,7,2,45,10,10,30,0,5,20,20,20,10,10,7,6,7,10,8,35,20,10,20,5,10
"296",399,1,0.125,6.75,6.75,7.375,6.25,7.625,6,0.625,6,1,1,25,10,20,20,10,15,15,25,20,25,0,9,9,9,9,9,40,5,10,25,15,5
"297",400,1,0.25,7.08333333333333,7.75,8.08333333333333,7.08333333333333,8.25,6.91666666666667,0.666666666666667,7.125,7,7,70,5,20,3,1,1,80,5,4,3,3,7,10,8,6,7,40,10,20,10,10,10
"298",401,1,0.0714285714285714,6.5,8.35714285714286,8.28571428571429,6,8,5.71428571428571,0.428571428571429,6.14285714285714,1,1,35,0,25,20,0,20,25,30,10,0,25,8,5,10,7,5,30,10,20,20,0,20
"299",402,1,0.0666666666666667,5.06666666666667,8.26666666666667,8.2,6.46666666666667,8.46666666666667,5,0.0666666666666667,5.4,1,1,25,20,15,25,10,5,25,10,20,10,15,6,8,10,7,9,10,25,10,20,10,25
"300",403,1,0.0833333333333333,4.83333333333333,8,7.58333333333333,6.25,7.08333333333333,4.91666666666667,0.166666666666667,5.33333333333333,6,6,20,25,20,15,5,15,25,10,20,15,10,4,8,9,7,9,25,20,20,15,10,10
"301",404,1,0.384615384615385,8.15384615384615,8,7.38461538461539,6.84615384615385,7.30769230769231,5.84615384615385,0.538461538461538,6.46153846153846,1,4,25,14,25,25,3,8,10,24,24,20,6,6,9,8,7,8,27,10,20,25,4,14
"302",405,1,0,5.64285714285714,8.14285714285714,8.35714285714286,7,8.35714285714286,6.21428571428571,0.285714285714286,6,1,1,30,25,20,15,5,5,25,25,15,20,5,8,8,9,10,10,25,10,25,15,20,5
"303",406,1,0.266666666666667,5.86666666666667,7.33333333333333,8,7.93333333333333,8,6.16666666666667,0.266666666666667,6.26666666666667,1,1,20,20,20,20,20,0,20,20,20,20,0,6,7,8,8,9,40,0,20,30,0,10
"304",407,1,0.133333333333333,7.13333333333333,8.93333333333333,8.13333333333333,7.06666666666667,7.4,7.53333333333333,0.666666666666667,7.13333333333333,1,1,30,15,15,15,15,10,50,10,10,10,10,7,9,7,8,8,50,10,10,10,10,10
"305",408,1,0.357142857142857,6.64285714285714,7.14285714285714,7,7.07142857142857,7.42857142857143,6.42857142857143,0.5,6.21428571428571,1,1,20,10,20,20,10,20,30,15,20,10,15,8,7,8,10,9,20,25,15,15,10,15
"306",409,1,0.307692307692308,7.07692307692308,8.23076923076923,8.30769230769231,7.38461538461539,7.38461538461539,6.61538461538461,0.615384615384615,6.84615384615385,5,5,20,15,20,20,10,15,15,20,20,15,15,7,9,9,8,8,30,10,20,20,10,10
"307",410,1,0.153846153846154,7.38461538461539,8.23076923076923,8.23076923076923,7.61538461538461,7.53846153846154,6.76923076923077,0.692307692307692,7,8,8,20,20,20,20,10,10,30,10,20,10,10,7,10,10,6,10,50,10,10,10,5,5
"308",411,1,0.0833333333333333,7.29166666666667,8.16666666666667,8.25,8,8.16666666666667,6.66666666666667,0.5,6.58333333333333,8,2,35,15,15,25,10,0,60,10,20,0,0,8,6,7,9,5,40,20,15,15,5,5
"309",412,1,0.181818181818182,5.36363636363636,7.18181818181818,7.36363636363636,6.72727272727273,7.27272727272727,5.63636363636364,0.272727272727273,5.54545454545455,1,1,75,5,5,5,5,5,60,10,10,5,5,7,7,8,8,8,95,1,1,1,1,1
"310",413,1,0,6.69230769230769,7.84615384615385,7.76923076923077,6.84615384615385,7.53846153846154,6.30769230769231,0.461538461538462,6.92307692307692,5,3,10,10,30,30,5,15,25,20,25,10,10,7,9,8,7,6,30,10,10,30,10,10
"311",414,1,0.461538461538462,6.53846153846154,7.53846153846154,7.84615384615385,6.15384615384615,8.15384615384615,4.92307692307692,0.461538461538462,5.92307692307692,2,10,95,1,1,1,1,1,95,1,1,1,1,NA,NA,NA,NA,NA,15,15,15,15,15,25
"312",415,1,0,3.58333333333333,4.16666666666667,4.25,3.66666666666667,4.5,2.25,0,2.75,3,1,10,20,40,10,10,10,20,10,30,10,20,7,8,10,4,8,20,10,10,30,10,20
"313",416,0,0.714285714285714,7.14285714285714,7.71428571428571,7.57142857142857,7.71428571428571,7.57142857142857,6.85714285714286,0.857142857142857,7.71428571428571,3,3,15,20,30,20,5,10,30,10,30,10,10,NA,NA,NA,NA,NA,30,10,10,30,10,10
"314",417,0,0.142857142857143,5.28571428571429,8.14285714285714,7.42857142857143,6,6.28571428571429,5.85714285714286,0.142857142857143,6.28571428571429,1,1,20,20,20,10,10,20,25,10,20,15,20,7,8,8,4,8,25,10,10,20,15,20
"315",418,0,0,6.71428571428571,8,8.28571428571429,7.42857142857143,7.28571428571429,6.14285714285714,0.571428571428571,7.64285714285714,7,3,15,25,20,15,10,15,25,15,20,10,15,7,9,8,7,5,20,15,20,15,15,15
"316",419,0,0.142857142857143,6.28571428571429,8.28571428571429,8.14285714285714,6.28571428571429,7.42857142857143,6.71428571428571,0.142857142857143,6,0,1,5,30,20,10,5,30,50,5,10,5,20,9,8,9,5,3,50,5,10,20,5,10
"317",420,0,0.25,7.5,7.625,7.875,7.75,7.125,6.625,0.875,7.3125,1,1,10,10,40,10,15,15,35,15,25,5,15,8,9,10,7,7,25,10,10,15,25,15
"318",421,0,0.285714285714286,6.57142857142857,6.71428571428571,6.85714285714286,6,6.14285714285714,5.14285714285714,0.571428571428571,6.14285714285714,5,5,20,10,30,20,10,10,30,20,20,10,10,7,7,6,6,6,30,10,30,10,10,10
"319",422,1,0.666666666666667,6.5,8,7.5,7.33333333333333,7.83333333333333,5.83333333333333,0.833333333333333,6.83333333333333,6,7,30,25,20,10,10,5,30,15,15,15,5,8,10,8,8,8,45,5,10,20,10,10
"320",423,1,0.2,6,7.2,7,5.8,6.8,4.2,0.2,NA,1,1,30,20,30,10,5,5,20,20,10,35,5,7,9,9,8,9,40,10,10,20,10,10
"321",424,1,0.4,5.4,8,8,6,7,5.4,0.6,6,4,4,17,16,17,17,17,16,25,15,15,15,15,7,7,7,7,7,25,15,15,15,15,15
"322",425,1,0,3.7,6.2,7.3,4,7.6,4.2,0,5,3,7,16,25,20,12,12,15,10,20,10,20,15,6,9,9,6,9,25,19,10,20,6,20
"323",426,1,0.166666666666667,3.5,4.16666666666667,6.66666666666667,4.83333333333333,7.83333333333333,3.5,0.166666666666667,3.83333333333333,4,7,25,7,35,20,8,5,30,40,4,20,3,8,8,10,8,9,60,5,5,20,5,5
"324",427,1,0,5.66666666666667,7.33333333333333,7,4.83333333333333,6.33333333333333,4.66666666666667,0.166666666666667,4.83333333333333,1,1,20,20,20,20,20,20,25,10,25,20,10,7,10,7,8,9,25,10,10,25,20,10
"325",428,1,0.333333333333333,6,7.5,8.33333333333333,6.83333333333333,8.66666666666667,6.66666666666667,0.666666666666667,7,8,8,60,10,10,10,10,0,50,10,10,10,10,8,8,9,7,9,50,10,10,10,10,10
"326",429,1,0.2,6.8,6.8,6.6,5.6,7.8,4,0.4,5.6,1,1,55,10,15,15,5,0,25,15,15,15,15,8,8,9,9,8,75,5,5,5,5,5
"327",430,0,0,6.38461538461539,7,6.46153846153846,5.92307692307692,5.61538461538461,4.92307692307692,0.692307692307692,6.46153846153846,3,10,10,25,15,20,15,15,25,10,30,10,15,5,8,5,8,8,25,20,10,30,10,5
"328",431,0,0.142857142857143,5.78571428571429,5.78571428571429,6.42857142857143,4.5,7.14285714285714,4.21428571428571,0.5,5.07142857142857,5,8,15,15,25,15,15,15,50,10,10,10,10,7,10,9,7,10,50,10,10,10,10,10
"329",432,0,0.461538461538462,6.53846153846154,7.69230769230769,7.46153846153846,6.46153846153846,5.69230769230769,5.53846153846154,0.538461538461538,6.46153846153846,1,1,15,30,30,10,10,5,25,25,15,20,5,7,8,8,8,8,20,0,25,15,25,15
"330",433,0,0.142857142857143,5.14285714285714,6.92857142857143,6.78571428571429,6.71428571428571,5.92857142857143,5.07142857142857,0.428571428571429,5.64285714285714,3,3,20,20,20,20,10,10,35,10,35,5,5,8,6,8,7,5,30,10,20,20,10,10
"331",434,0,0.0769230769230769,7.15384615384615,7.38461538461539,7.07692307692308,6.30769230769231,5.61538461538461,5.23076923076923,0.846153846153846,6.53846153846154,2,2,30,15,15,30,0,10,40,10,25,0,15,7,7,6,8,4,30,20,10,20,10,10
"332",435,0,0.230769230769231,5.84615384615385,6.15384615384615,6.30769230769231,6.38461538461539,6.69230769230769,4.53846153846154,0.307692307692308,5.84615384615385,1,1,25,5,20,25,15,10,50,4,25,10,10,7,9,9,9,9,50,2,8,45,1,4
"333",436,0,0.153846153846154,7.38461538461539,6.23076923076923,6.84615384615385,7.53846153846154,7.23076923076923,5.38461538461539,0.538461538461538,6.30769230769231,9,1,28,8,17,22,17,8,50,0,50,0,0,9,8,7,10,6,20,20,20,20,20,0
"334",437,0,0.230769230769231,6,7,6.46153846153846,6.15384615384615,5,5.07692307692308,0.307692307692308,6.15384615384615,2,6,15,15,18,18,14,20,35,12,15,15,23,7,9,9,9,8,28,12,13,10,12,25
"335",438,0,0.166666666666667,6.5,7,6.91666666666667,6.58333333333333,5.91666666666667,5.25,0.75,6.75,1,5,14,15,16,17,18,20,20,15,15,14,14,7,8,7,7,7,20,12,15,15,14,14
"336",439,0,0.214285714285714,7.42857142857143,5.92857142857143,6.92857142857143,6,5.5,4.5,0.642857142857143,6.42857142857143,1,5,20,10,50,5,10,5,60,10,10,10,10,8,8,7,7,7,30,10,10,10,20,20
"337",440,1,0,8.44444444444444,7.88888888888889,8.77777777777778,8.33333333333333,8.11111111111111,7.11111111111111,0.555555555555556,7.66666666666667,8,2,35,5,30,20,5,5,40,20,10,20,5,8,8,9,9,9,35,5,30,20,5,5
"338",441,1,0.222222222222222,6.66666666666667,7.11111111111111,7.44444444444444,7.33333333333333,7.22222222222222,6.55555555555556,0.444444444444444,6.44444444444444,4,2,35,10,25,20,5,5,50,0,25,25,0,8,7,9,8,8,50,0,20,20,0,10
"339",442,1,0.4,6.1,7.9,8.1,6.1,7.7,4.5,0.4,6.3,1,1,40,10,0,45,0,5,30,10,20,30,10,7,9,8,8,9,60,0,10,30,0,0
"340",443,1,0,6.25,7.75,8.125,7.625,8.25,5.75,0.25,6.875,1,3,30,25,10,20,0,15,40,20,20,20,0,7,10,7,9,7,40,10,10,30,0,10
"341",444,1,0,8.4,7,7.9,7.5,8.3,5.2,0.5,7.1,5,1,50,10,10,30,0,0,30,10,30,5,5,8,7,8,9,7,50,10,0,20,0,20
"342",445,1,0.125,6.75,7.25,7.625,7,7.625,5.75,0.375,6.5,1,1,40,12,18,12,6,12,30,10,20,20,5,9,8,10,7,7,60,5,5,20,5,5
"343",446,1,0.333333333333333,6,7.33333333333333,7.66666666666667,5.88888888888889,6.77777777777778,5.44444444444444,0.444444444444444,6.88888888888889,2,2,30,20,25,15,10,0,30,25,20,0,0,6,8,7,9,5,30,20,15,15,15,5
"344",447,1,0.1,7.1,8.1,8.4,6.9,8.4,4.8,0.3,6.9,1,1,15,30,25,20,0,10,20,15,25,10,10,6,10,7,6,4,25,20,20,20,0,15
"345",448,1,0.375,7.625,6.375,7.375,7.5,8.375,5.5,0.5,5.75,1,1,25,15,25,25,5,5,15,25,17,18,10,8,9,9,8,10,30,20,15,20,0,15
"346",449,1,0.222222222222222,7.66666666666667,7.22222222222222,8.22222222222222,8.11111111111111,8.22222222222222,6.11111111111111,0.333333333333333,6.44444444444444,7,1,55,2,1,40,1,1,25,13,44,11,6,7,10,10,10,8,55,2,1,40,1,1
"347",450,1,0.2,5.6,7.3,8.2,7,7.9,5.5,0.3,5.8,3,7,50,5,5,5,5,30,25,5,5,30,30,9,6,10,7,10,50,5,5,5,5,30
"348",451,1,0,3,7.22222222222222,8.33333333333333,4.88888888888889,8.22222222222222,4.66666666666667,0,5.11111111111111,3,1,20,40,5,20,5,10,20,10,10,10,10,2,4,4,4,4,40,10,10,20,10,10
"349",452,1,0.111111111111111,4.22222222222222,6.88888888888889,8,7,7.77777777777778,4,0.111111111111111,4.88888888888889,7,1,35,30,25,5,0,5,35,15,30,5,10,7,8,10,7,8,30,5,10,30,10,15
"350",453,1,0.111111111111111,3.88888888888889,8.55555555555556,8.66666666666667,4.88888888888889,8,3.77777777777778,0.111111111111111,4.88888888888889,4,3,30,30,30,5,0,5,20,20,15,15,15,5,6,8,7,5,30,30,30,5,0,5
"351",454,0,0,5.8,7.4,6.6,6.6,6.2,5.2,0.4,6.4,3,3,10,20,20,20,10,20,30,10,20,10,10,8,9,9,9,7,20,20,10,20,20,10
"352",455,0,0,5.8,8,7.6,6.6,6.6,6.6,0,6.4,5,5,10,25,20,16,20,9,25,12,20,11,20,7,9,8,9,8,20,16,13,19,13,19
"353",456,0,0.2,7.4,6.2,6.8,7,7.4,6.4,1,6.8,3,2,25,20,15,10,15,15,30,10,15,10,20,8,8,7,6,7,20,10,20,10,30,10
"354",457,0,0,5.8,7.2,6.8,7.2,5,5.6,0.2,6.6,1,1,25,0,25,25,0,25,30,10,15,10,15,7,6,8,7,3,20,20,10,15,20,15
"355",458,0,0.4,6.4,6.4,7.2,6.6,7.8,6,0.4,6,9,8,50,5,25,20,0,0,50,20,0,0,20,10,10,10,9,10,30,10,30,10,20,0
"356",459,0,0,7,6.8,7,6.6,7.4,5.8,0.6,6.6,6,1,30,10,10,30,10,10,50,0,30,0,20,5,5,5,5,8,50,0,10,30,0,10
"357",460,1,0.166666666666667,7,8.5,8,6.83333333333333,6.66666666666667,6.16666666666667,0.833333333333333,6.66666666666667,2,1,20,10,20,15,15,20,15,15,10,20,15,8,8,9,7,7,15,20,15,15,20,15
"358",461,1,0,4.5,6.83333333333333,7,5.66666666666667,7,4,0.166666666666667,4.16666666666667,2,2,40,20,20,10,10,0,50,15,15,10,0,6,8,8,9,7,50,20,10,10,10,0
"359",462,1,0.166666666666667,4.16666666666667,8.33333333333333,6.83333333333333,4.66666666666667,6.83333333333333,3.66666666666667,0.166666666666667,4.16666666666667,1,5,30,30,10,10,0,20,20,10,20,10,20,4,9,8,6,2,10,30,20,10,10,20
"360",463,1,0,5.83333333333333,8.33333333333333,8.33333333333333,6.5,7.33333333333333,4.33333333333333,0.5,6.5,3,2,15,15,15,15,15,25,15,15,15,15,25,6,7,8,7,7,15,15,15,15,15,25
"361",464,1,0.166666666666667,7,7.16666666666667,8.16666666666667,7.83333333333333,7.66666666666667,5.33333333333333,0.666666666666667,7,1,1,15,15,15,20,15,20,20,20,10,20,10,5,8,9,8,10,20,20,20,10,20,10
"362",465,1,0,5.2,6.2,5,6,3.8,3.6,0.2,NA,1,3,20,20,20,20,20,0,50,10,10,10,10,7,10,7,8,5,50,10,10,10,10,10
"363",466,0,0,7.57142857142857,7.71428571428571,7.92857142857143,7.57142857142857,7.28571428571429,6,0.642857142857143,7,1,1,10,20,20,15,20,15,45,15,15,10,10,7,9,8,7,8,25,15,15,20,10,15
"364",467,0,0.538461538461538,8.23076923076923,7.46153846153846,7.69230769230769,7.15384615384615,7.92307692307692,6.30769230769231,0.692307692307692,6.69230769230769,7,4,20,20,20,20,20,0,60,15,10,5,5,8,8,8,8,8,50,10,20,15,5,0
"365",468,0,0.214285714285714,8.28571428571429,7.92857142857143,8.42857142857143,7.78571428571429,7.92857142857143,6.5,0.642857142857143,NA,5,2,15,25,15,15,15,15,30,20,15,10,10,8,9,8,6,8,25,15,15,15,20,10
"366",469,0,0.357142857142857,7.92857142857143,7.64285714285714,7.78571428571429,7.21428571428571,6.92857142857143,6.42857142857143,0.714285714285714,7.21428571428571,1,1,20,10,20,20,10,20,40,20,10,10,10,8,8,6,8,6,40,10,10,20,10,10
"367",470,0,0.333333333333333,8.06666666666667,7.4,8.53333333333333,7.53333333333333,8.2,6.33333333333333,0.733333333333333,NA,1,1,10,20,25,25,10,10,60,10,10,5,5,4,9,8,5,6,40,10,20,10,10,10
"368",471,0,0.0769230769230769,6.53846153846154,7.07692307692308,7.84615384615385,6.84615384615385,7.53846153846154,5.46153846153846,0.461538461538462,6.07692307692308,8,8,15,15,25,10,15,20,25,15,15,15,20,7,8,9,8,9,25,10,15,15,15,20
"369",472,0,0.142857142857143,7.21428571428571,7.85714285714286,7.85714285714286,6.57142857142857,6.85714285714286,5.57142857142857,0.428571428571429,6.28571428571429,1,3,10,25,25,20,10,10,30,10,30,5,20,8,10,8,10,9,20,10,20,30,10,10
"370",473,0,0.0666666666666667,5.93333333333333,7.26666666666667,7.6,5.13333333333333,6.66666666666667,5.6,0.0666666666666667,5.66666666666667,1,1,15,20,20,15,15,15,20,15,15,15,15,7,9,10,8,7,20,15,15,20,15,15
"371",474,0,0.285714285714286,7.85714285714286,7.85714285714286,8.14285714285714,8.07142857142857,7.78571428571429,6.92857142857143,0.785714285714286,8,1,1,15,20,10,30,5,20,50,10,10,10,10,9,9,8,10,7,10,10,10,10,50,10
"372",475,0,0.142857142857143,7,7.71428571428571,7.78571428571429,7.64285714285714,6.92857142857143,5.92857142857143,0.5,6.78571428571429,1,2,10,15,30,10,15,20,40,10,15,10,20,5,8,7,5,7,30,10,20,20,10,10
"373",476,0,0.0833333333333333,7,8,7.08333333333333,6.83333333333333,6.58333333333333,5.08333333333333,0.25,6.16666666666667,1,3,20,20,20,15,15,10,50,5,30,5,5,7,9,7,5,6,30,10,10,20,10,20
"374",477,0,0,6.38461538461539,7.76923076923077,8.15384615384615,6.46153846153846,6.53846153846154,5.84615384615385,0.230769230769231,6.69230769230769,5,7,16,19,16,17,15,17,25,15,20,10,10,6,8,7,7,7,20,20,15,15,15,15
"375",478,0,0.142857142857143,7.85714285714286,7.71428571428571,8.14285714285714,7.78571428571429,8.28571428571429,7.35714285714286,0.714285714285714,7.71428571428571,4,4,20,20,10,20,10,20,30,10,10,10,20,7,8,8,9,7,20,10,10,10,20,30
"376",479,0,0,7.64285714285714,7.5,8.14285714285714,6.78571428571429,7.57142857142857,5.92857142857143,0.5,7,3,3,15,15,20,20,15,15,30,15,25,10,15,8,8,8,8,8,30,10,15,20,15,10
"377",480,0,0.214285714285714,7.85714285714286,8.14285714285714,8.28571428571429,7.85714285714286,7.42857142857143,7,0.571428571428571,6.64285714285714,4,6,16,18,18,20,12,16,18,16,20,15,16,8,9,8,10,7,20,14,16,20,12,18
"378",481,1,0.0714285714285714,6.28571428571429,6.64285714285714,6.46428571428571,5.14285714285714,5.21428571428571,5,0.142857142857143,5.57142857142857,8,1,25,20,15,20,5,15,30,10,20,20,10,8,7,9,8,5,35,10,15,20,0,20
"379",482,1,0.333333333333333,6.08333333333333,7.25,7.66666666666667,7.16666666666667,7.91666666666667,6.58333333333333,0.666666666666667,NA,2,6,20,10,22,20,15,13,14,18,18,20,10,7,10,8,9,8,19,10,18,20,13,20
"380",483,1,0,5.71428571428571,5.85714285714286,6.5,6.92857142857143,6.07142857142857,5.57142857142857,0.357142857142857,NA,1,1,40,20,20,20,0,0,20,40,5,5,30,8,10,10,10,10,50,0,10,20,0,20
"381",484,1,0.142857142857143,4.28571428571429,7.35714285714286,8.07142857142857,4.28571428571429,6.64285714285714,3.35714285714286,0.142857142857143,5.28571428571429,1,1,16,16,20,16,16,16,25,25,15,5,20,4,8,9,2,9,25,10,25,15,5,20
"382",485,1,0.142857142857143,4.21428571428571,6,6,4.57142857142857,4.71428571428571,4.5,0.142857142857143,NA,4,3,20,15,20,15,15,15,15,15,15,20,15,8,8,8,7,7,20,15,15,15,20,15
"383",486,1,0,5.61538461538461,7.30769230769231,7.92307692307692,6,7,5.61538461538461,0.384615384615385,5.53846153846154,1,1,20,20,20,15,10,15,10,25,15,15,10,7,10,9,8,9,30,15,15,20,10,10
"384",487,1,0,3.92307692307692,7.23076923076923,7.76923076923077,3.92307692307692,5.23076923076923,3.76923076923077,0.0769230769230769,4.92307692307692,1,1,25,26,15,10,9,15,15,15,20,20,15,7,9,8,6,5,20,15,15,20,15,15
"385",488,1,0.142857142857143,4.85714285714286,6,6.57142857142857,5.85714285714286,6.57142857142857,4.35714285714286,0.285714285714286,NA,1,1,15,20,20,20,5,20,20,20,20,10,10,5,10,10,7,8,20,20,20,20,10,10
"386",489,1,0.538461538461538,7.53846153846154,7.15384615384615,7,7.15384615384615,6.92307692307692,6.38461538461539,0.692307692307692,6.92307692307692,6,5,20,10,20,20,20,0,20,20,20,20,0,6,8,9,8,10,60,0,0,40,0,0
"387",490,1,0.0833333333333333,3.75,6.25,7,5.83333333333333,6.25,4.91666666666667,0.166666666666667,4.75,6,1,30,15,20,10,10,15,50,25,10,15,0,3,7,8,6,6,50,0,0,30,0,20
"388",491,1,0.285714285714286,7.85714285714286,6.71428571428571,7.85714285714286,7.64285714285714,7.64285714285714,6.07142857142857,0.785714285714286,NA,3,3,30,10,25,20,8,7,50,10,20,5,5,7,7,7,7,7,40,10,10,20,10,10
"389",492,1,0.5,7.28571428571429,7.28571428571429,7.85714285714286,7.35714285714286,6.92857142857143,6.5,0.642857142857143,NA,1,1,30,0,30,30,10,0,0,30,0,30,10,10,10,10,10,10,50,0,30,20,0,0
"390",493,1,0.0833333333333333,7.25,7.58333333333333,7.08333333333333,7.33333333333333,7.16666666666667,6,0.583333333333333,NA,1,1,30,10,10,30,10,10,25,10,20,10,10,7,7,8,8,8,30,20,10,30,5,5
"391",494,1,0.153846153846154,5.76923076923077,7.15384615384615,7.53846153846154,6.69230769230769,6.38461538461539,5.92307692307692,0.461538461538462,NA,2,8,25,25,25,25,0,0,45,5,8,20,20,9,10,10,10,7,75,5,5,5,5,5
"392",495,1,0.166666666666667,4.5,5.16666666666667,6.16666666666667,6.75,4.91666666666667,4.66666666666667,0.25,NA,5,6,20,20,20,15,15,10,20,20,20,15,15,7,7,8,7,9,20,20,30,10,20,10
"393",496,0,0.25,7.5,8.5,8.5,6.75,6.25,7,1,8,1,1,20,30,20,20,10,0,30,20,30,0,10,5,8,9,6,8,25,20,5,20,20,10
"394",497,0,0,6.42857142857143,7.14285714285714,7.28571428571429,6.85714285714286,7,5.85714285714286,0.428571428571429,6.42857142857143,5,5,10,20,20,20,20,10,30,10,20,10,20,8,10,9,10,8,20,20,15,15,10,20
"395",498,0,0,6.66666666666667,7.5,7.83333333333333,6.33333333333333,6.83333333333333,5.83333333333333,0.666666666666667,6.16666666666667,9,9,18,18,18,18,18,10,25,7,25,15,20,8,9,9,10,10,25,15,10,25,15,10
"396",499,0,0.285714285714286,5.71428571428571,7.71428571428571,8,6.42857142857143,6.85714285714286,4.71428571428571,0.428571428571429,6.57142857142857,1,9,19,19,19,19,5,19,60,6,20,1,7,9,10,10,9,4,50,5,8,20,8,9
"397",500,0,0.166666666666667,6,8.16666666666667,7.83333333333333,6.66666666666667,7.5,5.66666666666667,0.833333333333333,6.5,7,9,10,15,35,15,10,15,50,10,20,5,10,8,9,9,9,9,50,5,10,20,5,10
"398",501,0,0.166666666666667,6.33333333333333,7.5,6.83333333333333,7.16666666666667,6.83333333333333,6.16666666666667,0.5,6,7,4,30,10,20,10,10,20,40,5,30,5,5,8,9,9,8,9,40,10,10,20,5,15
"399",502,1,0,3.83333333333333,8,6.66666666666667,7.66666666666667,7.33333333333333,4,0,6.16666666666667,1,1,40,20,20,20,0,0,20,20,10,10,20,7,7,9,9,9,30,20,20,10,0,20
"400",503,1,0,2.33333333333333,5.66666666666667,7.83333333333333,5.16666666666667,7.33333333333333,4,0,4.83333333333333,1,5,30,30,40,0,0,0,20,15,15,20,15,7,9,10,4,5,75,5,5,5,5,5
"401",504,1,0.333333333333333,6.5,7,7.5,6.33333333333333,6.83333333333333,4.83333333333333,0.333333333333333,6.16666666666667,1,1,30,0,30,15,15,10,30,10,20,20,10,7,5,8,6,8,50,10,10,20,0,10
"402",505,1,0,6.4,7.2,7.2,5,7.2,4,0,5.2,1,1,20,14,18,16,16,16,18,16,18,16,16,9,10,10,8,10,20,16,16,18,14,16
"403",506,1,0,4.6,7,7.8,3.2,7.8,3.4,0,4.2,5,5,15,15,20,15,15,20,20,10,20,10,20,5,8,9,7,10,20,15,20,15,15,15
"404",507,1,0.166666666666667,6,8,7.83333333333333,7.66666666666667,6.83333333333333,6,0.666666666666667,7,1,1,20,20,20,20,20,0,30,10,30,10,10,7,8,8,7,7,35,10,20,20,5,10
"405",508,1,0.166666666666667,5.83333333333333,5.66666666666667,6.83333333333333,5.33333333333333,6.5,4.5,0.166666666666667,4.66666666666667,1,5,18,10,18,18,18,18,15,20,20,15,10,7,8,9,8,8,35,10,10,25,10,10
"406",509,0,0.315789473684211,5.26315789473684,6.73684210526316,7.10526315789474,6.05263157894737,7.10526315789474,5.63157894736842,0.526315789473684,6.31578947368421,2,2,10,20,30,10,10,20,50,10,10,10,10,5,6,8,4,9,50,10,10,10,10,10
"407",510,0,0.315789473684211,7.57894736842105,7.36842105263158,7.63157894736842,7.10526315789474,6.36842105263158,6.21052631578947,0.684210526315789,6.89473684210526,3,3,25,25,25,12,3,10,35,10,25,5,15,7,9,8,6,4,35,10,15,20,10,10
"408",511,0,0.2,6.1,7.2,7.55,5.55,6.9,4.75,0.2,5.65,2,2,20,10,10,30,15,15,60,10,10,5,10,8,4,8,10,8,60,5,10,10,5,10
"409",512,0,0.0625,7.9375,6.875,6.3125,6.4375,6.5625,4.375,0.5,6.5,1,1,20,20,20,20,5,15,50,5,20,10,10,7,8,7,8,7,50,5,5,20,10,10
"410",513,0,0.3,7.85,6.5,6.75,7.75,6.65,4.65,0.75,6.45,1,1,20,20,20,20,5,15,90,0,10,0,0,6,8,6,7,4,50,0,10,20,10,10
"411",514,0,0,4.66666666666667,6.85714285714286,6.76190476190476,6.52380952380952,6.57142857142857,5,0.19047619047619,5.66666666666667,8,9,20,20,20,15,5,20,30,15,30,0,20,8,10,9,8,7,30,10,10,30,10,10
"412",515,0,0.0555555555555556,7.05555555555556,6.44444444444444,6.83333333333333,6.22222222222222,5.88888888888889,4.22222222222222,0.444444444444444,5.88888888888889,8,5,20,20,20,15,10,15,30,20,15,5,15,8,10,10,8,8,25,10,15,25,15,10
"413",516,0,0.3,7.25,5.85,6.9,6.75,6.7,5.1,0.6,6.4,9,3,58,5,8,10,7,12,40,10,20,5,20,8,9,8,9,8,35,10,10,20,5,20
"414",517,0,0,5.88235294117647,6.58823529411765,6.29411764705882,6,5.64705882352941,4.17647058823529,0.352941176470588,5.29411764705882,1,1,15,20,20,20,5,10,30,15,15,10,10,8,9,9,7,7,25,30,10,10,15,10
"415",518,0,0.285714285714286,7,7.33333333333333,6.80952380952381,7.38095238095238,6.57142857142857,4.95238095238095,0.619047619047619,6.71428571428571,2,1,20,25,25,30,5,5,35,10,30,5,10,6,9,8,8,7,30,20,15,20,5,10
"416",519,0,0,6,7.27777777777778,7,5.77777777777778,6.05555555555556,4.72222222222222,0.333333333333333,6,8,9,40,5,30,15,5,5,80,5,10,1,2,8,10,9,9,10,50,5,10,5,30,0
"417",520,0,0,4.78947368421053,7.42105263157895,7.42105263157895,6.57894736842105,6.36842105263158,5,0.210526315789474,5.68421052631579,2,1,25,15,25,15,10,10,40,15,20,10,10,8,9,8,7,5,40,5,20,10,10,15
"418",521,0,0.333333333333333,6.09523809523809,7.42857142857143,7.38095238095238,6.38095238095238,6.04761904761905,4.95238095238095,0.523809523809524,5.76190476190476,3,1,10,30,20,15,15,10,20,20,20,15,10,7,9,8,9,8,20,10,20,20,20,10
"419",522,0,0.227272727272727,6.40909090909091,6.86363636363636,7.54545454545455,6.45454545454545,7.31818181818182,5.18181818181818,0.545454545454545,6.13636363636364,3,6,10,20,15,20,15,20,20,15,20,10,20,7,7,9,7,8,10,20,15,20,15,20
"420",523,0,0.0952380952380952,4.04761904761905,6.90476190476191,6.61904761904762,5.80952380952381,5.85714285714286,5,0.0952380952380952,5.42857142857143,3,2,10,25,20,20,5,20,10,20,20,5,20,6,9,9,8,6,45,5,15,20,0,15
"421",524,0,0.684210526315789,6.89473684210526,7.78947368421053,7.84210526315789,7.68421052631579,7,6,0.684210526315789,6.68421052631579,9,6,15,20,25,20,10,10,35,15,20,10,10,5,9,8,7,7,30,10,15,20,15,10
"422",525,0,0,4.22222222222222,6.72222222222222,6.55555555555556,5.72222222222222,5.38888888888889,4.05555555555556,0,4.55555555555556,2,8,10,15,30,20,15,10,50,5,25,5,10,6,10,10,8,9,20,30,5,20,15,10
"423",526,0,0.105263157894737,4.63157894736842,7,6.42105263157895,6.63157894736842,5.52631578947368,4.21052631578947,0.157894736842105,5.52631578947368,5,2,10,10,30,20,10,15,50,10,10,10,10,3,6,7,9,10,50,5,10,20,10,5
"424",527,0,0,4.95,6.3,6.4,5.55,5.45,4,0.15,5.05,5,5,50,20,10,5,10,5,70,5,5,10,5,10,10,10,10,10,60,5,5,10,5,10
"425",528,0,0,5.5,7,6.88888888888889,7,6.5,5.16666666666667,0.277777777777778,6,8,7,40,10,30,10,10,NA,55,10,10,10,10,9,6,8,8,8,20,30,30,10,10,NA
"426",529,0,0.1,4.1,7.8,7.5,5.25,6.4,4.35,0.15,5.5,4,1,10,25,25,10,10,20,25,10,10,5,25,6,10,7,9,5,20,20,20,10,10,20
"427",530,0,0.1,4.15,7.75,7.45,5.15,6.45,3.85,0.15,4.9,1,1,20,20,10,15,5,30,40,10,10,10,20,3,9,9,9,7,30,20,20,10,10,10
"428",531,1,0.0476190476190476,4.42857142857143,7.09523809523809,7.90476190476191,5.33333333333333,6.71428571428571,4.61904761904762,0.333333333333333,5.52380952380952,5,1,15,30,20,20,10,5,30,0,20,0,20,10,10,10,6,10,15,30,20,20,10,5
"429",532,1,0.15,3.75,7.65,7.45,3.55,6.35,3.55,0.2,4.7,8,3,25,20,20,20,5,10,20,20,20,10,10,7,9,8,7,8,25,20,20,20,5,10
"430",533,1,0.1,5.7,5.95,6.25,5.15,5.75,4.35,0.35,5,1,1,25,25,25,13,12,0,25,15,15,15,15,8,9,9,8,9,20,20,20,15,10,15
"431",534,1,0.277777777777778,5.61111111111111,6.38888888888889,6.77777777777778,5.77777777777778,6.61111111111111,4.83333333333333,0.333333333333333,5.22222222222222,1,1,30,30,30,5,2,3,25,25,10,10,5,7,9,9,8,5,30,15,15,15,15,10
"432",535,1,0.35,6,6.2,7.95,6.5,6.85,5.2,0.65,6.1,5,6,23,14,19,16,10,18,20,15,20,20,10,6,7,7,6,5,30,10,15,20,10,15
"433",536,1,0.176470588235294,6.47058823529412,6.35294117647059,6.52941176470588,6.29411764705882,6.47058823529412,5.05882352941176,0.529411764705882,5.82352941176471,1,1,30,20,20,20,10,0,30,10,20,30,5,7,8,8,8,8,30,15,30,10,10,5
"434",537,1,0.117647058823529,6,5.82352941176471,6.88235294117647,6.58823529411765,6.35294117647059,5.52941176470588,0.588235294117647,5.64705882352941,7,1,20,5,25,25,5,20,15,15,25,15,25,7,9,9,9,7,40,5,10,20,5,20
"435",538,1,0.230769230769231,5.53846153846154,6.15384615384615,7.15384615384615,7.84615384615385,6.61538461538461,5.15384615384615,0.692307692307692,NA,1,1,50,0,10,30,0,10,40,0,30,10,0,7,8,8,9,8,40,10,10,20,0,20
"436",539,1,0.111111111111111,4.83333333333333,5.55555555555556,6.72222222222222,6.5,6.72222222222222,5.16666666666667,0.444444444444444,5.5,6,6,30,10,20,15,15,10,20,20,15,25,5,8,8,10,9,10,20,20,20,15,20,5
"437",540,1,0.0555555555555556,4.27777777777778,6.55555555555556,6.27777777777778,5.55555555555556,6,4.22222222222222,0.277777777777778,5.33333333333333,5,1,20,15,20,20,15,10,20,10,20,10,10,5,7,5,6,7,30,10,10,20,10,20
"438",541,1,0.0526315789473684,4.57894736842105,6.78947368421053,7.10526315789474,4.73684210526316,6.36842105263158,4.84210526315789,0.315789473684211,5.47368421052632,2,2,40,30,0,20,0,10,10,25,20,10,10,8,9,9,9,8,30,20,0,30,0,20
"439",542,1,0.1875,5.1875,6.0625,6.4375,5.125,6.875,4.0625,0.3125,4.4375,7,1,25,15,20,20,10,10,30,10,20,5,15,8,9,8,8,9,50,5,5,25,0,15
"440",543,1,0,5,6.41176470588235,6.76470588235294,5.58823529411765,6,4.88235294117647,0.352941176470588,5.29411764705882,9,6,20,16,16,17,16,15,20,16,17,16,15,7,9,8,9,9,20,16,16,17,16,15
"441",544,1,0.117647058823529,4.88235294117647,6.11764705882353,6.58823529411765,5.70588235294118,5.64705882352941,4.11764705882353,0.352941176470588,5,3,8,15,25,20,10,10,20,20,10,20,10,20,7,10,9,10,8,20,20,10,20,10,20
"442",545,1,0.166666666666667,6,6.25,6.16666666666667,6.16666666666667,6,4.91666666666667,0.5,6,7,1,20,20,20,20,10,10,20,10,20,25,5,8,8,9,8,6,50,10,10,20,5,5
"443",546,1,0.3125,7.1875,6.25,7.375,7.125,6.4375,5.75,0.625,6.4375,3,4,35,10,20,25,5,5,30,10,30,10,10,9,8,8,10,7,50,0,20,30,0,0
"444",547,1,0.105263157894737,6.31578947368421,6.05263157894737,6.94736842105263,5.94736842105263,6.26315789473684,5.68421052631579,0.526315789473684,5.63157894736842,1,1,25,20,20,20,0,15,25,10,25,15,5,7,9,8,8,8,30,10,10,30,10,10
"445",548,1,0.210526315789474,6.84210526315789,5.73684210526316,6.68421052631579,5.78947368421053,6.10526315789474,4.57894736842105,0.473684210526316,5.52631578947368,8,8,40,10,20,10,0,20,30,20,0,10,20,10,10,10,10,10,60,0,0,20,0,20
"446",549,1,0.1875,6.3125,6.5,6.625,6.625,6,4.9375,0.5,5.75,2,3,20,20,20,20,0,20,35,10,15,20,10,7,10,9,8,9,50,10,5,20,5,10
"447",550,1,0.19047619047619,5.28571428571429,5.95238095238095,6.66666666666667,5.28571428571429,6.42857142857143,4.19047619047619,0.285714285714286,4.57142857142857,5,6,30,3,30,30,3,4,20,30,30,13,4,7,7,7,7,7,30,3,30,30,3,4
"448",551,1,0.111111111111111,6.27777777777778,6.88888888888889,6.94444444444444,5.66666666666667,6.33333333333333,5.16666666666667,0.555555555555556,5.83333333333333,2,1,40,20,20,20,0,0,60,0,40,0,0,7,8,8,3,5,25,5,20,20,15,15
"449",552,1,0.222222222222222,7.11111111111111,5.77777777777778,6,5.5,6,5.16666666666667,0.722222222222222,5.72222222222222,1,1,70,0,15,15,0,0,50,0,30,0,20,8,7,7,6,7,90,0,0,0,0,10
